min_players,max_players,min_playtime,max_playtime,min_age,users_rated,average_rating,category_count,mechanic_count
3,4,60,120,10,129246,7.09753,2,11
2,5,30,45,7,128379,7.41021,2,5
2,4,45,45,8,126656,7.53305,1,7
2,7,30,30,10,105584,7.68019,5,6
1,5,120,120,12,100639,8.35596,6,16
2,2,30,30,10,96182,8.09471,5,16
1,5,40,70,10,95325,8.04118,3,9
2,8,15,15,14,93294,7.54,5,4
2,4,30,45,8,92384,7.74393,3,6
2,4,30,30,13,91667,7.59847,2,8
2,5,30,60,8,90771,7.39163,1,8
1,5,90,115,14,84634,8.13768,4,17
2,4,30,30,10,81518,7.41938,3,4
2,5,30,60,8,77463,7.52764,1,8
1,5,30,150,12,73220,7.87272,3,9
2,5,40,80,8,71732,7.20592,3,8
3,5,90,150,12,71337,7.91413,3,7
2,6,30,30,8,71354,7.13084,4,8
2,4,20,20,10,68217,7.22539,3,5
2,2,15,30,8,66959,7.59428,3,9
2,6,120,120,12,65901,7.80925,2,8
3,8,30,30,8,65415,7.19823,3,4
2,4,30,90,12,63059,8.1414,3,9
1,4,60,120,14,62806,8.58287,5,23
1,4,40,80,10,56183,8.02227,4,10
2,5,60,120,12,56045,7.73336,2,8
2,4,30,60,12,55907,7.74418,5,5
2,8,20,60,10,54957,7.05986,6,8
2,4,60,60,13,53965,8.52481,2,10
2,4,60,90,10,53121,7.52345,3,6
1,4,90,120,13,52869,8.34387,5,12
2,4,60,90,10,52736,8.07161,5,15
2,2,30,30,10,52388,7.48756,2,6
2,4,30,30,10,51301,6.75937,3,12
2,4,45,45,10,50852,7.82203,1,11
3,6,60,120,10,50022,5.87184,4,3
1,6,45,90,13,49437,7.98569,2,9
2,2,120,180,13,49174,8.2445,3,12
2,5,25,25,8,48925,7.0388,3,6
2,5,60,150,12,48346,8.05915,4,12
2,4,15,25,8,48239,7.30593,3,3
2,4,60,90,14,47679,7.92363,4,11
2,5,15,15,8,47628,7.00025,1,5
2,6,15,15,13,47342,6.9827,5,5
2,4,60,120,14,47323,8.59424,6,10
2,7,45,45,12,47241,7.0615,3,5
1,4,60,120,14,47114,8.43477,4,16
2,2,30,30,10,47053,7.24187,3,6
3,6,60,60,12,46731,7.02318,4,9
2,5,60,120,13,46712,7.462,4,14
1,4,30,120,12,45456,8.0721,5,11
1,4,90,150,14,45405,8.53578,3,15
2,2,20,20,12,45192,7.56124,3,10
2,4,45,45,8,45101,7.21231,4,11
2,7,42,42,10,44619,7.21355,4,9
1,4,60,120,14,43823,7.74149,5,16
1,2,60,120,14,43659,8.13034,6,15
2,4,30,60,12,42915,7.7761,2,12
2,5,20,20,10,42483,7.79768,3,5
1,4,30,45,14,42119,7.47494,2,10
2,4,40,80,13,41860,7.77466,3,13
2,4,75,150,12,41226,8.18791,3,8
5,10,30,30,13,41084,7.2108,8,7
2,5,100,100,13,41004,8.0926,3,15
1,4,30,45,10,40569,7.94423,3,8
2,2,20,20,13,40185,7.57753,4,9
2,4,90,90,13,39683,7.85742,5,4
1,8,120,240,14,39612,7.23884,4,11
2,4,20,20,8,39138,7.35827,3,7
2,2,20,20,9,37600,7.32146,2,7
2,2,0,0,6,37010,7.21275,1,6
1,5,120,180,14,36825,7.94419,8,12
1,8,120,240,14,36812,7.75165,5,9
3,6,120,180,14,36661,7.73067,7,12
2,8,60,180,8,36418,4.36142,1,11
2,6,120,120,10,36132,5.59771,2,5
3,5,60,60,14,36026,7.0661,7,7
2,8,20,20,8,35630,7.39137,2,6
2,5,15,15,7,35325,6.06372,4,6
1,7,30,210,12,35108,7.94433,4,6
1,4,30,120,14,35101,8.42853,5,18
3,6,120,240,14,34877,7.53738,6,15
2,4,60,60,10,34401,7.34211,4,7
5,10,30,30,13,33938,7.5116,8,8
2,6,30,30,13,33807,7.69024,2,7
2,6,45,60,8,33811,7.03173,2,5
2,4,30,30,10,33535,6.60263,2,3
1,4,60,240,14,33534,8.08475,5,16
3,5,60,120,12,33207,7.52084,4,11
3,10,30,30,8,33178,6.54475,5,6
2,4,180,240,14,32962,8.41749,6,20
2,4,90,90,10,32763,6.26916,1,5
2,6,40,40,10,32647,7.09467,3,7
4,7,20,40,8,32241,6.48956,5,8
2,4,20,20,8,32124,6.75411,2,2
2,5,45,45,13,32058,7.58748,5,11
2,4,120,120,14,32034,8.28242,3,8
1,5,30,150,12,31948,7.84754,4,7
2,5,90,90,12,31809,8.06047,3,14
2,5,40,60,10,31652,7.54199,1,9
1,100,25,25,10,31446,7.53184,1,6
3,6,30,30,10,31427,7.25858,2,5
1,5,90,180,12,31302,8.26618,4,13
2,5,45,45,10,31249,7.07467,3,12
2,8,30,60,8,30405,7.53396,3,15
1,100,30,45,10,30305,7.596,2,8
2,2,45,45,14,30260,7.88416,4,7
2,10,30,30,6,29632,5.46188,5,4
5,10,45,45,13,29622,7.50536,8,5
1,5,60,80,12,29589,7.73173,2,7
2,10,45,45,8,29574,6.97019,2,3
2,5,60,120,12,29425,7.75632,2,11
2,5,60,150,12,29263,7.71488,3,6
1,4,30,120,12,29053,8.17072,5,9
2,4,60,120,14,28845,7.70331,4,10
2,8,15,20,8,28678,6.66797,2,4
4,30,30,30,17,28632,5.75235,5,3
2,6,60,180,14,28478,7.82983,5,9
3,7,20,60,8,28457,7.59933,2,3
3,10,10,10,8,28228,7.0525,5,6
2,4,90,90,12,27836,7.3792,3,6
3,7,60,90,10,27781,7.10139,6,10
2,4,20,20,7,27641,6.85938,2,5
3,7,20,20,8,27630,7.08022,1,4
1,4,60,150,12,27619,8.37189,6,12
2,4,45,45,12,27438,6.70243,6,9
2,8,20,30,8,27419,7.03929,4,6
2,5,45,60,12,26705,7.642,2,7
2,5,45,45,8,26458,6.92318,1,6
2,4,30,60,10,26453,7.6876,3,12
2,4,45,60,8,26316,7.31675,4,9
1,5,30,60,10,26138,7.66284,4,9
1,4,90,90,13,26025,7.51688,2,9
2,5,30,45,8,25744,7.30256,3,10
2,5,30,50,8,25684,7.39774,2,7
1,8,90,90,13,25432,6.97178,7,7
1,5,120,120,14,25415,7.61327,5,17
1,4,60,90,8,25392,7.47343,2,9
2,4,60,60,14,25272,7.34794,2,6
2,4,60,120,14,25193,8.1948,4,7
2,2,30,45,14,25083,7.633,7,9
2,4,40,100,12,25064,7.78056,4,8
1,6,30,60,10,24980,8.05491,2,13
1,4,30,30,8,24872,7.57084,2,5
2,5,60,120,14,24787,7.9631,7,11
3,8,15,15,8,24715,6.89365,6,7
1,4,45,90,10,24521,7.31376,4,11
2,4,60,80,12,24417,7.73682,2,6
2,6,45,45,10,24402,7.15515,1,9
1,2,30,60,13,24281,7.66204,5,8
3,6,240,480,14,24301,8.59544,8,17
3,6,15,45,10,24267,7.18986,3,4
1,4,45,90,14,24126,8.11989,4,10
2,4,30,60,10,24089,6.96938,2,7
2,2,60,60,12,24013,7.61046,2,7
2,8,45,120,12,23968,7.05485,4,9
2,4,45,60,10,23879,7.23146,3,6
1,4,90,90,12,23712,7.71475,3,14
2,4,45,45,8,23635,6.93924,2,10
2,2,15,30,11,23544,7.43204,4,4
2,4,60,90,12,23444,7.4928,3,7
2,6,90,120,12,23308,7.72376,5,17
3,8,15,45,12,23198,7.76904,4,3
2,4,120,120,13,23034,7.64669,3,9
2,8,15,15,10,22987,7.18469,4,4
4,12,20,20,14,22943,7.44368,4,9
1,4,60,90,12,22883,7.58046,3,4
3,5,45,45,10,22833,7.50714,2,8
1,5,30,60,14,22715,7.53049,2,8
2,2,15,20,10,22586,7.34986,1,5
2,4,30,60,12,22543,7.64282,2,8
1,4,5,1000,14,22402,7.80059,4,10
2,4,45,45,10,22264,7.22723,4,6
2,6,60,60,8,22182,7.63539,4,2
1,4,60,90,8,22112,7.68801,4,11
1,8,15,15,8,21818,6.95443,4,10
2,4,150,180,13,21798,8.54297,6,11
3,8,30,30,8,21762,6.83649,3,4
2,4,20,20,8,21736,6.69856,2,5
2,5,60,90,13,21727,7.50723,7,8
2,8,45,60,14,21711,7.51777,5,8
1,1,25,25,13,21610,7.11562,6,6
1,8,60,120,13,21562,7.6295,5,5
2,5,30,30,12,21541,6.53826,3,4
3,5,90,120,14,21519,7.7718,6,17
3,8,15,15,13,21462,6.76781,5,8
2,5,30,30,8,21460,6.98029,2,4
2,6,120,240,14,21405,7.81417,3,12
1,4,60,60,12,21383,7.26769,4,7
2,4,60,120,12,21398,7.9487,1,7
3,12,30,30,8,21322,7.39745,3,3
1,4,60,60,14,21069,7.89779,4,12
2,4,30,30,8,21059,7.2888,2,4
2,6,45,45,8,20911,5.68017,3,5
1,5,30,45,14,20844,7.33265,4,11
1,4,60,90,10,20750,7.44348,2,5
2,5,120,240,14,20720,8.05601,2,7
2,6,90,90,12,20683,7.34462,2,7
1,5,90,120,12,20654,7.44865,1,19
2,6,30,60,8,20633,7.05984,3,10
1,4,30,120,12,20618,7.94039,2,9
2,4,60,90,14,20602,7.82618,5,11
2,6,45,120,10,20489,6.9503,7,3
4,12,40,40,10,20451,6.75654,3,2
2,4,45,45,6,20424,6.77418,1,4
2,4,90,90,10,20371,7.32684,2,11
3,4,90,150,12,20326,7.44599,3,6
1,4,90,120,14,20171,7.86278,1,8
2,4,60,60,10,20139,7.09117,2,4
1,4,80,150,12,20005,8.05891,6,8
2,6,15,30,10,19959,7.1397,1,2
2,4,30,45,8,19817,7.12765,2,4
3,4,90,90,10,19783,7.15085,4,6
2,10,60,60,8,19761,6.99431,2,10
2,5,90,90,13,19754,7.17212,4,3
1,6,45,60,14,19737,7.22131,4,10
1,4,60,90,7,19706,7.22687,6,8
2,5,60,60,14,19702,7.54747,3,3
2,4,30,60,11,19598,7.36652,4,6
2,4,120,120,12,19455,7.83954,2,5
2,4,60,90,10,19463,7.1105,4,5
1,5,45,45,14,19477,7.66848,4,8
1,4,30,45,10,19404,7.52812,2,9
2,5,90,120,13,19350,7.64734,5,7
4,10,20,30,12,19322,5.75095,3,3
3,6,180,240,14,19321,7.79341,6,15
2,4,30,45,8,19223,7.29469,2,4
2,8,15,15,7,19206,6.54954,6,3
2,4,60,60,8,19024,6.48079,3,2
1,4,30,120,15,18983,8.07008,2,9
1,6,60,60,14,18969,7.09536,4,9
2,4,30,30,9,18899,6.91698,1,3
2,2,15,15,10,18847,7.47834,3,6
2,4,45,60,12,18745,7.30186,2,6
4,8,30,30,12,18537,7.3779,3,2
2,99,10,20,10,18530,6.22901,5,4
2,5,20,20,10,18478,8.1388,5,5
2,4,30,30,8,18373,8.03747,1,2
2,4,20,20,12,18319,7.51412,3,7
1,4,30,120,12,18278,7.95774,3,11
2,4,30,45,8,18232,7.48901,2,8
2,2,30,30,9,18202,6.97187,2,4
1,4,60,120,14,18148,8.16206,3,11
1,4,90,120,12,18122,7.97892,1,7
2,4,120,120,13,18110,7.73325,2,4
2,6,5,30,8,18020,5.67473,1,2
2,4,90,120,12,17961,7.26146,4,7
2,5,45,45,8,17907,8.03542,4,11
2,4,60,120,12,17879,7.75003,2,5
1,4,45,60,14,17799,7.6711,3,12
2,4,30,30,10,17781,7.19933,3,6
2,5,20,50,8,17767,7.11671,4,8
2,4,60,90,10,17678,7.72142,6,4
2,2,30,30,12,17613,7.41328,2,3
2,4,60,120,14,17567,7.96845,4,10
2,6,60,60,13,17467,7.61476,4,3
2,6,30,30,8,17480,6.9038,4,3
2,2,30,180,8,17381,7.65401,1,2
1,4,30,45,8,17302,7.10064,1,6
2,4,30,30,13,17147,6.27143,3,4
2,6,45,45,10,17141,6.50627,2,4
1,5,10,10,8,17094,6.96198,6,12
2,6,60,60,12,17068,7.0384,6,7
2,4,60,60,14,17062,8.02916,4,11
5,6,120,120,10,17040,6.97349,2,5
1,5,60,60,10,16964,7.63429,3,8
2,6,40,40,10,16704,6.87634,4,9
2,5,15,15,9,16739,7.82391,1,3
1,4,30,120,12,16600,8.0108,4,16
1,5,60,120,14,16593,7.9154,6,12
2,2,45,45,8,16459,6.13611,6,4
2,4,30,60,10,16430,7.47095,2,6
1,6,30,60,8,16355,6.65352,3,7
2,4,30,45,8,16372,7.61306,2,6
1,6,60,180,14,16346,7.61158,7,6
1,4,15,45,12,16294,7.49448,2,4
2,4,90,90,13,16261,7.36354,7,7
1,4,90,120,8,16208,7.56173,3,6
2,6,90,90,14,16207,7.3458,4,5
2,4,5,30,9,16201,6.86692,2,5
1,5,30,30,12,16147,7.39035,4,8
2,4,45,60,10,16113,7.27053,4,3
2,5,30,60,8,16105,7.14031,3,4
2,2,30,30,10,16067,7.09626,3,2
2,4,120,240,13,15975,7.37735,5,12
2,4,30,30,13,15912,8.01856,4,6
2,5,60,60,13,15890,6.325,3,5
2,4,40,40,10,15888,7.14233,2,5
2,5,60,90,12,15867,6.73668,3,6
2,5,45,90,12,15832,7.74287,1,7
2,10,30,30,6,15764,5.50324,6,5
1,5,120,120,14,15731,7.44717,2,12
3,4,60,120,13,15713,7.66143,5,9
1,8,20,20,6,15702,5.64874,2,3
4,4,60,60,10,15702,7.57536,1,4
4,8,30,30,10,15611,6.82255,6,5
1,5,75,100,12,15609,7.5051,2,5
2,7,20,20,14,15617,7.51572,2,4
2,6,90,90,13,15556,6.50927,4,5
1,5,90,120,12,15479,8.84752,5,3
3,7,25,25,10,15453,6.92623,3,2
2,6,15,30,8,15394,6.91583,4,3
2,6,60,90,15,15305,5.79244,6,5
2,4,90,90,13,15299,7.35472,3,4
2,5,45,45,8,15274,6.79362,1,3
1,5,40,70,10,15258,8.3478,4,5
1,4,30,30,13,15156,7.39,4,11
2,4,30,60,14,15151,7.32638,5,6
2,4,30,30,13,15119,8.22976,3,6
1,5,45,90,13,15061,7.67747,4,11
2,4,90,90,13,15019,7.399,3,5
2,4,60,120,14,14951,7.91725,3,7
3,5,30,50,10,14894,7.44288,1,4
2,7,40,40,13,14868,7.82035,5,5
2,5,30,30,14,14865,7.13063,2,6
1,4,60,150,13,14849,8.02128,1,13
1,5,60,60,10,14836,7.42903,4,7
1,6,45,75,14,14781,7.20683,3,7
2,5,120,180,14,14715,7.4225,5,9
2,4,60,60,12,14630,7.57447,3,7
2,4,45,90,12,14630,7.78308,1,9
2,2,30,30,10,14566,8.00126,5,2
2,8,30,60,10,14549,7.24878,4,9
2,5,45,45,10,14527,7.12855,3,6
1,5,45,120,13,14497,8.18184,6,13
2,4,45,75,12,14452,7.72974,4,7
2,4,30,30,10,14436,6.53496,4,4
2,5,60,60,12,14365,7.48983,4,7
2,5,15,15,8,14377,7.09645,3,4
2,4,180,180,13,14327,7.39485,6,9
2,6,40,60,14,14300,7.11454,2,8
2,3,30,60,8,14231,7.62521,1,5
2,2,30,30,8,14219,6.56385,2,7
2,4,20,20,8,14211,6.40951,3,7
2,2,60,120,10,14178,6.70442,3,4
2,6,60,90,12,14152,6.90493,4,7
3,5,90,120,12,14139,7.51359,3,7
2,6,90,90,13,14113,7.49186,2,6
3,5,15,30,10,14077,7.17067,1,5
2,6,60,200,14,14052,8.45352,5,11
2,6,20,40,10,14011,7.28888,2,8
2,4,60,120,12,14007,7.85019,1,8
2,4,90,90,12,13991,7.35537,4,5
2,6,20,20,8,13993,6.79607,3,3
2,12,30,45,14,13963,7.26488,1,3
2,5,90,90,14,13941,7.20526,5,10
2,4,30,30,14,13901,6.73418,3,5
2,5,45,45,10,13875,7.5922,3,6
2,6,60,60,12,13853,8.20939,3,4
1,4,60,120,12,13848,8.34015,4,14
2,2,30,30,13,13826,7.3317,2,6
2,5,15,15,8,13791,6.8716,3,3
2,5,120,180,13,13752,7.25791,8,9
2,4,30,45,8,13674,7.30447,3,7
2,6,45,60,14,13658,7.45825,1,5
1,4,30,30,13,13595,7.03725,2,5
2,10,10,10,7,13525,6.4617,4,2
1,6,30,60,13,13452,7.00275,3,7
2,5,45,75,10,13422,7.31244,2,3
2,7,360,360,12,13424,7.04091,5,7
3,8,30,45,8,13364,7.57692,4,4
2,4,75,150,12,13345,7.85067,1,14
1,6,45,120,18,13333,7.7699,5,14
1,6,20,30,8,13286,7.17775,2,8
1,4,75,150,12,13292,8.32812,3,10
2,2,20,20,9,13259,7.70001,2,7
1,5,30,60,17,13249,7.75533,5,13
2,6,60,60,8,13229,4.35171,3,3
2,4,60,60,10,13224,7.24996,1,7
2,4,40,60,12,13190,7.42528,3,5
1,20,30,30,6,13137,6.49871,2,3
2,5,35,35,8,13118,7.13066,2,3
2,4,30,60,8,13093,7.22461,2,9
4,10,20,20,12,13047,6.30362,3,2
1,4,30,90,14,13052,8.13956,1,7
2,4,40,50,14,13003,7.38123,2,3
2,4,30,30,10,12942,6.99485,3,8
1,5,90,120,14,12930,8.18264,5,8
1,4,90,150,14,12911,8.18716,6,13
1,4,120,180,14,12853,7.73229,5,8
1,4,45,60,10,12797,7.68977,3,6
1,5,30,30,10,12785,7.24939,3,7
1,4,90,90,13,12767,7.1687,4,11
1,6,120,120,12,12749,7.1653,5,7
1,4,60,75,13,12722,7.94241,3,6
1,4,60,120,14,12680,8.08991,8,16
1,4,80,80,10,12605,7.70184,2,7
2,5,30,45,8,12534,7.59392,3,9
1,4,60,1200,13,12537,8.19532,5,9
1,5,40,200,14,12329,7.60196,3,3
2,6,120,120,10,12295,7.66966,3,12
1,5,20,20,8,12235,6.71281,2,4
2,4,60,60,10,12219,7.09675,3,6
2,2,30,60,12,12178,7.76948,2,7
2,5,75,100,12,12165,7.2983,2,5
1,4,30,45,8,12162,6.85158,4,8
1,4,120,240,13,12130,7.38771,6,8
2,2,45,60,14,12067,7.79956,2,8
2,4,60,90,14,12052,7.61615,2,12
1,8,15,15,7,11977,6.40297,2,4
2,4,45,45,14,11962,7.2516,2,5
2,2,20,20,8,11877,7.35308,1,4
8,18,30,30,10,11870,6.68816,5,6
1,4,20,80,13,11839,7.43319,4,11
2,4,90,90,14,11831,7.8082,1,10
2,2,30,30,10,11865,7.92699,3,4
2,5,120,240,13,11800,7.27782,5,6
2,4,60,60,13,11781,7.42612,4,3
3,6,45,45,10,11777,6.97581,2,4
2,6,30,30,8,11692,7.59354,4,2
2,6,30,30,8,11664,6.93924,4,4
1,1,20,40,12,11646,7.65096,2,11
1,4,45,90,12,11610,7.4305,3,11
2,6,45,90,14,11608,7.40366,1,7
1,2,30,45,14,11606,6.94371,4,10
2,5,15,15,8,11575,6.30359,2,3
1,7,90,140,14,11569,8.28223,3,2
2,4,90,90,12,11539,7.55699,4,5
1,6,60,120,12,11540,7.42233,3,1
3,5,60,60,12,11538,7.43166,3,8
2,5,30,30,8,11524,7.16808,1,2
2,4,30,30,8,11505,6.86514,1,4
2,4,60,120,14,11482,7.3951,4,7
1,6,120,120,13,11460,7.84975,4,15
2,2,15,45,14,11442,7.10139,4,2
2,6,60,90,14,11441,7.6086,3,10
2,7,20,20,8,11429,6.59161,2,4
2,4,30,30,6,11370,6.78877,3,3
2,5,5,15,5,11348,6.90597,4,4
1,4,60,120,12,11312,8.18791,4,5
1,7,25,25,14,11291,6.97855,2,7
1,4,60,120,10,11250,7.3567,2,7
1,4,90,120,12,11241,7.60614,2,13
1,4,70,120,12,11252,8.4431,3,11
2,4,30,30,10,11220,7.63478,1,7
2,10,60,60,12,11196,6.71369,2,3
2,5,30,60,8,11185,7.99886,2,4
1,2,60,120,13,11155,8.02975,3,8
2,4,30,40,8,11130,7.16904,2,6
2,5,180,180,12,11123,6.57641,3,5
2,4,60,180,14,11111,7.97431,1,10
2,8,30,30,6,11098,7.26767,5,3
2,5,30,90,8,11099,7.23139,3,5
2,4,25,25,8,11060,7.15375,4,4
1,4,60,180,13,11059,7.68323,6,6
2,4,30,60,12,11069,7.41437,4,10
2,8,40,40,10,11052,7.81055,5,6
2,4,30,60,9,11034,7.48106,3,6
2,7,30,45,10,11030,6.97005,4,8
2,4,45,45,8,11023,7.07602,3,4
2,2,30,30,8,11021,4.71984,2,3
1,4,40,40,14,11035,7.57893,4,5
1,5,90,120,12,11007,8.38143,6,4
2,6,60,60,13,10975,7.17786,1,8
2,5,45,45,8,10966,7.88543,3,9
2,5,45,45,8,10944,7.11766,3,7
1,4,15,20,8,10953,7.31382,3,6
1,4,60,90,10,10902,7.74246,3,7
2,2,20,40,14,10867,7.83494,3,5
2,5,30,45,8,10821,7.02428,4,2
2,13,30,30,10,10821,6.56516,4,3
2,8,30,30,8,10773,7.53441,3,4
2,5,30,30,8,10753,7.24005,3,10
2,4,120,120,12,10732,7.77813,6,7
2,12,10,30,7,10719,6.12909,2,4
2,4,30,45,8,10782,7.48849,3,4
1,5,120,180,16,10697,7.65247,2,6
3,5,180,180,12,10621,7.16931,6,9
2,7,25,25,8,10629,7.04174,1,3
2,6,20,20,10,10640,7.51652,3,5
2,6,45,45,8,10623,5.22209,1,2
1,5,60,60,12,10595,6.90862,3,6
1,5,60,60,8,10600,7.01073,2,5
1,5,40,70,10,10599,8.46719,4,5
2,6,30,30,12,10579,6.27289,3,2
2,2,10,10,8,10572,7.6337,2,2
2,5,30,75,10,10533,7.16269,1,7
2,5,45,75,14,10519,7.16983,3,4
2,4,60,60,11,10520,7.24876,6,9
2,4,45,45,10,10514,6.98011,4,12
1,2,15,15,10,10511,7.0463,3,6
2,4,90,120,13,10507,7.67651,4,10
2,4,60,60,13,10504,7.60544,5,9
2,4,30,30,14,10428,7.835,2,8
2,4,40,40,14,10389,7.36326,2,7
1,6,60,150,14,10386,8.55581,2,4
2,4,30,30,14,10346,7.84145,3,11
2,5,90,120,10,10330,7.50881,4,6
2,2,30,30,9,10315,7.23759,3,8
2,4,60,120,12,10309,7.55572,1,4
2,6,20,45,10,10291,6.87655,4,4
3,5,90,90,10,10266,7.551,3,6
2,6,30,30,10,10220,7.09658,1,1
2,5,10,20,18,10218,6.2364,5,5
4,6,30,30,10,10198,6.55182,7,3
2,4,20,40,10,10172,7.1066,1,7
2,6,60,60,13,10142,6.80539,5,3
3,5,60,180,12,10117,7.85414,6,10
2,5,5,30,8,10092,6.92371,5,6
1,5,60,60,12,10082,8.08941,6,4
2,5,60,120,14,10016,7.52346,6,11
1,4,20,40,8,9991,7.48629,3,5
2,4,60,60,8,9964,7.12535,3,3
2,5,120,120,13,9947,7.32107,4,7
1,4,60,90,12,9887,7.83758,1,12
2,2,30,40,10,9855,6.61291,1,5
2,4,60,60,14,9837,7.1955,3,5
2,4,30,45,8,9777,7.01669,2,4
2,4,60,60,10,9765,7.0878,2,8
1,4,60,180,17,9753,8.49372,7,8
1,4,30,60,14,9677,7.06336,4,7
4,99,60,60,13,9669,5.68316,4,6
2,5,90,90,14,9627,7.79358,5,12
3,8,30,90,7,9616,6.39164,3,5
2,4,90,120,13,9615,8.53194,3,20
1,4,25,25,8,9584,6.68552,2,4
3,5,90,90,12,9562,7.37608,3,5
2,2,15,15,12,9646,8.19546,1,5
1,4,80,80,12,9626,7.98136,2,8
2,8,20,20,8,9533,6.70835,4,2
1,6,120,180,14,9531,7.69153,4,6
2,4,10,10,4,9528,6.74568,7,2
2,8,30,60,8,9528,6.24354,3,3
1,4,90,120,12,9525,8.01684,3,17
2,5,60,90,13,9481,7.88185,3,5
2,2,30,30,10,9386,6.98672,2,3
2,2,60,60,10,9380,7.34914,4,9
2,4,120,180,14,9361,7.97764,5,11
2,5,180,180,10,9342,7.09076,5,6
2,2,90,120,12,9338,7.62164,1,5
3,5,90,90,12,9325,7.28959,2,5
2,5,60,60,13,9319,7.29812,3,7
2,4,60,60,14,9328,7.90814,2,9
1,5,60,60,12,9308,6.97911,6,8
2,5,60,90,12,9308,7.5368,4,4
2,4,20,40,9,9289,7.73043,5,9
2,2,10,10,6,9280,4.96879,2,1
2,5,30,60,8,9217,7.41047,2,5
1,99,30,30,10,9205,7.02889,4,6
2,4,60,90,14,9186,7.27662,2,8
2,5,60,120,12,9182,7.45895,1,12
2,10,30,45,7,9177,6.85318,3,3
1,6,60,80,10,9181,7.81576,6,16
2,2,30,60,9,9146,7.70878,1,3
1,4,60,120,14,9124,6.99583,3,6
2,4,45,45,10,9111,7.02425,2,7
1,4,30,30,10,9099,7.43673,2,4
2,5,60,120,12,9099,7.58295,2,10
3,5,60,90,10,9029,7.20136,2,5
1,5,60,90,12,9021,7.43917,2,4
1,4,45,150,14,9018,7.8966,3,9
2,6,60,60,10,9001,6.67594,2,4
2,6,30,30,8,8991,6.36794,4,4
2,6,120,180,14,8999,7.93844,7,13
3,4,120,180,17,8974,7.46557,6,10
3,8,20,40,8,8970,6.91885,6,6
2,4,60,90,14,8964,7.6592,3,4
2,4,30,60,10,8969,7.41076,2,11
2,5,30,30,10,8946,6.70396,2,4
4,8,60,60,10,8924,6.82565,6,5
2,4,90,90,12,8918,7.20981,4,8
2,2,30,30,6,8872,4.92598,2,4
2,2,60,60,12,8843,7.77881,2,8
2,6,120,180,13,8825,7.59627,3,8
1,5,10,10,10,8824,6.99847,4,8
3,5,30,45,8,8803,6.45562,1,6
2,2,15,15,14,8800,6.83948,4,3
2,4,45,45,8,8763,7.14288,2,8
2,4,45,45,13,8742,6.55206,5,5
2,4,30,30,13,8743,6.9247,3,6
2,4,30,50,14,8683,7.03937,2,5
2,5,8,20,13,8680,6.55177,2,5
5,10,20,20,8,8680,7.13739,3,3
1,4,30,60,8,8666,7.27888,2,4
2,6,20,20,8,8666,5.59636,1,1
2,4,60,90,12,8636,7.53528,3,8
1,3,90,150,14,8644,7.72349,6,6
2,4,15,15,8,8631,6.65629,3,4
2,6,20,20,8,8624,6.48914,2,4
2,4,15,15,4,8596,6.78138,3,2
2,5,20,40,13,8630,7.54939,2,4
2,2,30,30,8,8591,6.13989,1,3
3,5,60,60,13,8570,7.35936,2,6
2,2,20,20,14,8549,7.46812,4,3
1,5,30,60,10,8545,7.06167,3,6
2,4,60,60,10,8529,7.24109,4,5
2,6,45,45,8,8505,5.70862,2,3
1,4,60,60,8,8497,6.85197,3,4
2,4,45,45,12,8496,7.12679,4,5
2,8,15,15,8,8467,6.69415,3,1
3,6,30,30,10,8427,7.57942,2,2
2,4,45,45,10,8410,7.15776,1,7
2,4,180,240,14,8408,7.6075,6,7
2,2,30,45,8,8400,7.10127,2,3
1,8,45,75,12,8408,7.57671,5,4
1,8,10,10,8,8396,6.23496,3,4
2,6,30,60,12,8383,7.24929,4,8
2,4,90,120,12,8383,7.89662,4,6
1,5,90,120,12,8378,7.56163,6,3
2,5,75,120,10,8364,7.12303,2,5
2,5,60,120,14,10016,7.52346,6,11
1,4,20,40,8,9991,7.48629,3,5
2,4,60,60,8,9964,7.12535,3,3
2,5,120,120,13,9947,7.32107,4,7
1,4,60,90,12,9887,7.83758,1,12
2,2,30,40,10,9855,6.61291,1,5
2,4,60,60,14,9837,7.1955,3,5
2,4,30,45,8,9777,7.01669,2,4
2,4,60,60,10,9765,7.0878,2,8
1,4,60,180,17,9753,8.49372,7,8
1,4,30,60,14,9677,7.06336,4,7
4,99,60,60,13,9669,5.68316,4,6
2,5,90,90,14,9627,7.79358,5,12
3,8,30,90,7,9616,6.39164,3,5
2,4,90,120,13,9615,8.53194,3,20
1,4,25,25,8,9584,6.68552,2,4
3,5,90,90,12,9562,7.37608,3,5
2,2,15,15,12,9646,8.19546,1,5
1,4,80,80,12,9626,7.98136,2,8
2,8,20,20,8,9533,6.70835,4,2
1,6,120,180,14,9531,7.69153,4,6
2,4,10,10,4,9528,6.74568,7,2
2,8,30,60,8,9528,6.24354,3,3
1,4,90,120,12,9525,8.01684,3,17
2,5,60,90,13,9481,7.88185,3,5
2,2,30,30,10,9386,6.98672,2,3
2,2,60,60,10,9380,7.34914,4,9
2,4,120,180,14,9361,7.97764,5,11
2,5,180,180,10,9342,7.09076,5,6
2,2,90,120,12,9338,7.62164,1,5
3,5,90,90,12,9325,7.28959,2,5
2,5,60,60,13,9319,7.29812,3,7
2,4,60,60,14,9328,7.90814,2,9
1,5,60,60,12,9308,6.97911,6,8
2,5,60,90,12,9308,7.5368,4,4
2,4,20,40,9,9289,7.73043,5,9
2,2,10,10,6,9280,4.96879,2,1
2,5,30,60,8,9217,7.41047,2,5
1,99,30,30,10,9205,7.02889,4,6
2,4,60,90,14,9186,7.27662,2,8
2,5,60,120,12,9182,7.45895,1,12
2,10,30,45,7,9177,6.85318,3,3
1,6,60,80,10,9181,7.81576,6,16
2,2,30,60,9,9146,7.70878,1,3
1,4,60,120,14,9124,6.99583,3,6
2,4,45,45,10,9111,7.02425,2,7
1,4,30,30,10,9099,7.43673,2,4
2,5,60,120,12,9099,7.58295,2,10
3,5,60,90,10,9029,7.20136,2,5
1,5,60,90,12,9021,7.43917,2,4
1,4,45,150,14,9018,7.8966,3,9
2,6,60,60,10,9001,6.67594,2,4
2,6,30,30,8,8991,6.36794,4,4
2,6,120,180,14,8999,7.93844,7,13
3,4,120,180,17,8974,7.46557,6,10
3,8,20,40,8,8970,6.91885,6,6
2,4,60,90,14,8964,7.6592,3,4
2,4,30,60,10,8969,7.41076,2,11
2,5,30,30,10,8946,6.70396,2,4
4,8,60,60,10,8924,6.82565,6,5
2,4,90,90,12,8918,7.20981,4,8
2,2,30,30,6,8872,4.92598,2,4
2,2,60,60,12,8843,7.77881,2,8
2,6,120,180,13,8825,7.59627,3,8
1,5,10,10,10,8824,6.99847,4,8
3,5,30,45,8,8803,6.45562,1,6
2,2,15,15,14,8800,6.83948,4,3
2,4,45,45,8,8763,7.14288,2,8
2,4,45,45,13,8742,6.55206,5,5
2,4,30,30,13,8743,6.9247,3,6
2,4,30,50,14,8683,7.03937,2,5
2,5,8,20,13,8680,6.55177,2,5
5,10,20,20,8,8680,7.13739,3,3
1,4,30,60,8,8666,7.27888,2,4
2,6,20,20,8,8666,5.59636,1,1
2,4,60,90,12,8636,7.53528,3,8
1,3,90,150,14,8644,7.72349,6,6
2,4,15,15,8,8631,6.65629,3,4
2,6,20,20,8,8624,6.48914,2,4
2,4,15,15,4,8596,6.78138,3,2
2,5,20,40,13,8630,7.54939,2,4
2,2,30,30,8,8591,6.13989,1,3
3,5,60,60,13,8570,7.35936,2,6
2,2,20,20,14,8549,7.46812,4,3
1,5,30,60,10,8545,7.06167,3,6
2,4,60,60,10,8529,7.24109,4,5
2,6,45,45,8,8505,5.70862,2,3
1,4,60,60,8,8497,6.85197,3,4
2,4,45,45,12,8496,7.12679,4,5
2,8,15,15,8,8467,6.69415,3,1
3,6,30,30,10,8427,7.57942,2,2
2,4,45,45,10,8410,7.15776,1,7
2,4,180,240,14,8408,7.6075,6,7
2,2,30,45,8,8400,7.10127,2,3
1,8,45,75,12,8408,7.57671,5,4
1,8,10,10,8,8396,6.23496,3,4
2,6,30,60,12,8383,7.24929,4,8
2,4,90,120,12,8383,7.89662,4,6
1,5,90,120,12,8378,7.56163,6,3
2,5,75,120,10,8364,7.12303,2,5
2,6,60,60,10,8357,7.17499,1,6
1,6,30,60,12,8366,7.94216,2,4
2,2,45,45,12,8348,6.99252,2,5
1,4,15,30,8,8335,6.0849,3,5
3,5,60,90,8,8331,6.56044,4,4
2,6,30,30,8,8327,6.73217,2,4
1,4,60,120,12,8329,7.72007,3,16
2,7,60,60,10,8302,6.6665,1,4
2,4,90,90,8,8293,7.4509,5,6
2,5,30,240,14,8286,7.28019,6,16
2,6,30,30,13,8276,6.6866,1,3
2,2,20,20,12,8250,7.79985,3,7
3,7,30,30,10,8257,7.84947,5,6
2,4,20,20,8,8218,7.19938,2,6
4,8,60,60,8,8168,6.58496,2,2
2,24,90,90,12,8162,5.24817,2,2
2,4,45,60,8,8158,7.05782,2,3
3,6,60,90,8,8151,6.5364,4,7
3,16,90,90,12,8134,5.84117,1,3
2,6,120,240,12,8106,6.89466,4,6
1,8,60,120,13,8105,6.29154,3,5
2,6,60,60,12,8095,7.48243,6,7
1,5,45,45,13,8085,7.49387,4,8
1,4,120,180,14,8057,6.92626,5,10
1,8,25,25,14,8055,7.6248,3,7
2,6,45,45,8,8031,7.00224,2,2
2,6,15,30,14,8031,6.44973,2,5
1,6,45,60,14,8031,6.99724,3,8
2,2,20,20,8,8019,6.89218,2,4
2,2,60,90,14,7994,7.37289,5,10
2,2,60,120,17,7996,6.6601,3,7
2,5,45,45,8,7977,6.68265,2,7
2,10,120,120,10,7918,6.99369,2,8
1,4,60,180,14,7921,8.41796,2,4
1,6,60,90,10,7915,8.42211,4,8
2,2,90,90,13,7901,7.57452,3,8
2,5,45,90,12,7885,7.26458,2,6
2,4,45,75,10,7869,7.51078,1,7
2,4,45,60,14,7867,8.39212,1,10
1,4,30,45,8,7831,7.12188,1,8
2,5,45,45,10,7797,6.86332,3,5
2,4,20,40,9,7796,7.9718,5,8
2,5,30,45,13,7785,6.54362,6,11
2,2,20,20,8,7788,5.64425,2,1
2,5,60,90,14,7779,7.52491,3,10
2,2,30,30,7,7768,6.47709,1,4
2,2,45,60,10,7746,6.94513,4,4
1,4,20,20,8,7739,6.85418,3,5
1,4,90,120,14,7754,8.14482,3,8
2,6,30,30,8,7699,7.36614,2,6
2,4,60,90,12,7684,7.35412,4,7
3,4,120,120,8,7657,7.04595,1,2
1,4,30,60,14,7666,6.96504,4,4
2,5,40,60,10,7716,7.63322,4,7
2,4,60,60,13,7650,7.23047,4,5
1,6,45,150,10,7629,7.79104,6,10
1,5,30,60,10,7599,7.14414,4,3
2,6,180,240,12,7594,7.35606,7,9
2,4,45,45,8,7576,6.8256,2,5
2,5,45,45,15,7564,7.03451,2,4
2,5,60,60,10,7562,7.38681,1,6
1,4,60,120,13,7571,8.80638,5,9
1,5,75,150,12,7561,8.71564,6,6
2,4,30,45,8,7556,7.11809,1,6
2,7,360,360,12,7553,7.49186,4,7
2,2,15,20,8,7514,6.59198,3,2
2,4,50,100,12,7507,7.40642,2,7
1,5,120,120,12,7500,8.1055,6,7
2,5,45,45,10,7481,7.07038,2,5
2,4,60,90,7,7464,7.4528,4,8
2,5,45,150,14,7462,7.78887,2,9
2,4,100,100,12,7457,7.25453,2,11
2,4,45,60,10,7454,7.4502,3,6
2,5,75,75,10,7448,7.2972,2,5
1,4,45,90,10,7445,7.41788,6,4
1,5,60,150,14,7453,8.16624,1,8
2,10,30,30,5,7429,5.54914,2,4
1,4,120,120,12,7435,7.71804,6,7
2,4,60,120,12,7408,7.95416,4,7
2,2,10,10,5,7376,5.98167,1,1
1,4,60,90,14,7368,7.65228,3,9
2,5,20,20,8,7371,6.92452,2,2
3,6,90,90,10,7344,6.41894,5,5
2,5,45,60,10,7340,7.39935,2,5
2,4,30,30,7,7339,6.86774,1,5
1,4,20,30,8,7361,7.48816,3,6
1,5,30,50,14,7307,7.04454,3,3
2,5,40,60,8,7307,6.76342,3,3
2,5,45,125,13,7327,8.09797,1,9
2,5,90,90,12,7297,7.21331,3,5
1,4,90,180,14,7298,8.8262,5,19
1,7,70,140,14,7270,7.7875,3,2
2,5,45,45,13,7255,7.44716,1,9
2,4,30,30,12,7240,7.02617,3,5
3,8,45,45,12,7236,6.15373,2,4
3,6,30,30,8,7231,7.67081,6,3
2,5,240,240,10,7215,6.68417,3,5
1,4,90,90,14,7208,7.5373,2,15
2,4,30,60,13,7185,7.15777,4,9
1,6,20,30,8,7175,7.07962,2,8
2,2,60,60,12,7144,7.53075,4,5
2,4,30,45,14,7138,7.63861,3,9
1,4,20,20,14,7159,7.69223,3,2
1,4,30,120,12,7125,8.70189,5,7
1,5,150,150,14,7113,8.86806,4,14
2,2,45,45,12,7102,7.21669,5,4
2,2,45,45,14,7070,7.47076,6,6
2,4,90,180,14,7086,8.46251,4,8
1,6,45,150,12,7054,7.05594,3,1
1,5,75,150,10,7050,7.10441,4,13
2,2,30,30,12,7070,7.8948,4,5
2,4,60,90,14,7037,7.50115,2,5
2,2,30,30,12,7034,7.21568,6,7
2,4,10,15,8,7026,6.90884,1,4
1,4,45,90,12,7019,7.47599,2,6
2,4,30,30,6,7011,4.54681,1,2
1,4,90,180,12,7009,8.08858,2,3
2,4,60,120,14,6992,7.25535,2,6
1,4,60,90,14,6965,7.59456,4,5
1,4,60,120,14,7002,8.17436,2,9
1,4,60,120,14,6950,7.70377,3,12
2,4,60,120,10,6931,7.11631,4,11
2,5,60,90,12,6929,6.89277,2,7
2,6,120,180,12,6918,7.64358,3,7
1,6,30,30,13,6916,6.69872,7,10
2,4,30,30,14,6891,6.79376,1,3
1,2,20,40,10,6890,7.09522,3,2
2,4,90,120,12,6891,7.78689,2,4
2,8,45,60,14,6887,7.15714,3,12
1,4,30,60,12,6881,6.95391,1,5
1,6,45,60,14,6871,6.8045,6,8
1,6,25,30,10,6861,7.96032,2,8
2,4,60,90,12,6843,7.50025,5,6
3,5,30,60,12,6843,6.989,4,5
1,5,45,60,14,6810,7.43303,3,11
2,8,20,20,10,6789,6.29602,3,3
1,1,20,60,14,6799,8.2822,2,5
2,4,60,90,12,6765,7.44462,5,5
2,8,60,60,10,6744,7.02759,6,3
1,8,180,180,14,6732,8.29948,7,6
2,4,40,80,13,6723,7.18713,1,5
2,6,10,40,8,6717,5.98632,2,3
1,5,60,60,12,6712,7.09176,5,8
1,4,10,20,13,6710,6.90814,2,4
2,7,10,20,7,6685,6.13913,4,5
1,6,45,90,12,6685,7.14917,4,1
2,6,30,30,15,6681,6.44469,3,3
1,4,30,60,12,6669,7.37381,3,9
2,8,20,40,8,6657,6.51497,2,5
1,4,70,120,12,6682,9.15376,3,7
2,4,30,60,9,6654,7.23206,3,6
1,4,70,100,12,6650,7.64886,2,6
1,4,15,30,7,6630,5.71488,1,4
2,4,45,60,10,6610,6.98669,3,4
1,2,15,15,8,6610,6.63217,3,4
1,4,45,45,10,6607,7.12595,2,7
3,5,60,60,10,6605,6.80667,1,7
1,5,60,90,13,6601,7.14625,3,6
2,4,90,90,13,6590,7.33052,2,2
1,5,90,90,14,6589,7.49889,2,12
2,4,30,30,10,6577,6.42061,1,3
1,4,45,90,10,6590,7.56629,2,11
2,10,30,30,8,6561,5.46728,3,3
2,7,45,60,10,6562,7.23771,2,8
2,5,20,30,8,6556,6.87626,4,2
2,2,20,20,6,6554,4.83983,3,2
2,6,45,75,10,6548,7.3517,2,4
1,4,45,90,10,6525,7.1196,2,9
2,4,60,60,10,6506,6.57912,3,7
1,8,240,240,12,6503,7.79845,6,5
1,5,20,100,12,6496,7.63943,2,3
2,4,20,30,7,6485,6.92461,2,4
2,6,20,20,8,6489,6.73132,2,3
2,5,45,60,10,6478,6.97022,3,4
2,4,45,90,13,6526,8.27541,2,14
2,2,15,25,8,6482,7.68463,2,2
2,5,45,45,10,6473,8.02102,2,4
2,2,30,30,14,6465,7.49286,6,6
2,5,60,120,9,6466,7.16758,5,9
1,4,90,120,14,6448,8.95866,4,6
2,4,30,30,13,6439,7.93444,3,6
2,5,45,45,10,6439,7.21909,5,8
1,5,60,60,12,6436,7.20625,6,8
2,2,45,90,14,6413,7.67831,3,7
1,4,30,60,13,6401,7.07797,3,8
2,4,30,30,13,6399,7.98675,3,6
3,5,75,75,12,6396,7.1504,1,6
2,5,120,120,12,6394,7.21089,3,7
1,5,60,90,12,6387,7.58086,2,8
4,16,30,60,17,6392,7.78422,5,6
1,6,45,60,14,6395,7.47579,2,8
2,6,30,60,10,6388,6.89695,5,9
1,4,40,40,10,6390,7.26418,7,7
2,4,30,60,8,6372,6.79214,1,4
2,6,30,30,8,6372,6.3685,1,2
2,4,60,60,12,6365,7.53908,3,11
2,5,75,75,12,6348,7.04349,4,4
2,4,15,30,8,6345,7.01267,3,2
2,4,30,60,8,6343,7.76877,2,4
1,2,40,70,10,6357,8.30539,3,6
1,5,45,60,8,6328,7.61801,1,9
2,6,60,60,12,6316,6.47438,3,2
2,5,30,30,10,6292,6.48064,2,2
3,5,90,90,14,6289,7.08137,1,8
2,4,60,120,12,6285,6.8064,6,4
2,4,120,180,14,6281,7.47483,4,13
3,5,45,45,8,6266,7.37659,1,5
3,8,30,30,13,6255,6.7054,2,3
2,4,90,120,14,6254,7.8611,4,5
1,4,120,120,12,6249,7.84004,2,11
2,4,90,90,10,6235,7.43789,2,5
2,2,20,20,10,6239,7.49581,2,3
1,5,60,120,13,6229,7.74349,5,8
2,4,20,30,6,6208,6.8119,4,5
2,5,60,120,12,6185,7.04985,2,8
2,4,45,60,7,6187,6.7516,3,7
3,7,120,240,14,6180,7.81227,6,8
1,2,15,15,10,6176,7.07842,3,9
2,4,60,60,12,6169,7.09123,4,11
2,5,20,30,8,6152,6.98652,2,2
1,5,90,150,14,6160,7.98382,7,17
2,4,30,120,14,6149,7.29873,3,7
2,4,30,30,13,6134,7.67777,3,6
3,5,60,60,10,6128,6.99419,3,7
2,4,45,45,10,6129,6.77597,2,3
3,5,45,60,14,6132,7.75152,3,6
2,6,30,60,8,6107,7.65356,2,6
2,5,240,240,12,6093,6.68852,3,3
2,6,60,120,12,6095,8.28975,2,16
2,5,30,30,10,6085,7.04779,4,2
3,10,30,90,18,6069,6.25672,5,3
2,6,60,60,8,6067,6.58485,4,2
1,8,60,120,10,6068,7.58677,6,4
2,5,60,60,12,6061,6.84095,2,2
2,2,60,60,11,6057,6.81418,5,8
2,2,30,30,8,6053,6.67592,2,3
2,2,45,45,13,6055,7.23709,5,2
2,2,180,180,14,6045,8.00577,3,8
2,4,60,60,10,6036,6.82616,4,5
3,7,10,10,8,6037,7.29553,5,6
2,8,20,30,8,6022,7.43871,2,2
1,6,60,60,12,6017,7.92833,6,3
2,4,45,60,14,6007,7.07571,2,4
2,6,20,40,8,6004,7.51208,4,5
2,8,10,15,7,5991,6.81563,5,3
1,4,75,150,14,5981,7.42284,2,10
1,1,20,20,13,5974,6.79591,2,6
1,4,50,140,12,5977,7.87612,5,13
1,6,30,60,8,5985,7.64632,5,8
3,7,120,180,14,5955,7.87151,8,6
2,2,60,180,12,5953,7.95142,2,8
2,5,40,80,8,5953,7.46283,4,4
1,5,90,180,12,5956,8.32205,5,10
4,18,90,90,12,5942,7.28075,2,4
1,5,100,200,12,5942,8.05105,3,1
1,5,90,90,14,5976,8.07826,3,7
2,4,90,90,10,5941,7.24813,3,6
2,5,30,30,14,5934,6.67398,2,3
1,6,60,120,13,6035,8.7344,4,14
2,8,45,45,12,5933,5.50527,4,7
2,5,45,45,8,5933,7.02362,2,4
3,8,2,2,6,5916,6.68036,4,1
1,4,10,15,6,5915,6.42054,1,4
1,4,60,120,14,5909,7.70496,3,6
2,6,60,180,12,5900,7.59134,6,9
2,8,10,30,8,5908,6.579,5,3
1,5,30,45,13,5893,7.44464,3,4
6,21,30,120,15,5904,8.32505,5,10
1,2,20,45,14,5883,7.58976,2,12
2,6,180,180,12,5873,6.72847,5,5
1,6,45,60,8,5862,7.23354,3,14
2,2,10,20,5,5837,6.82432,2,4
2,5,30,75,8,5833,7.98875,2,5
2,7,240,240,16,5828,6.69306,4,9
3,5,240,240,14,5822,7.5922,3,6
2,5,30,60,8,5820,7.63223,2,8
2,4,180,240,14,5813,7.57178,6,11
1,4,15,20,8,5815,7.01096,2,3
2,4,45,45,10,5808,6.73029,1,2
2,2,30,60,10,5802,7.17771,4,4
1,4,60,60,14,5798,8.25363,3,8
2,2,30,30,12,5796,6.68761,3,4
3,5,120,120,12,5792,7.32581,2,2
2,5,40,80,8,5781,7.40225,4,4
2,6,10,40,8,5779,6.30277,2,2
1,4,10,30,10,5778,7.42948,2,5
2,4,40,80,14,5761,7.41991,2,3
2,5,60,60,10,5747,7.06416,1,5
2,4,15,15,13,5741,6.8552,2,4
1,4,60,80,12,5729,7.74658,1,9
4,10,20,40,8,5730,6.94701,4,6
1,4,60,90,12,5719,7.1777,1,8
1,4,20,40,14,5711,6.93531,5,6
2,5,90,150,13,5710,8.3322,3,7
2,2,60,60,14,5703,7.09368,4,5
2,4,20,20,10,5691,7.26717,3,2
2,4,30,30,10,5689,7.17324,3,11
2,7,180,360,14,5688,7.87033,3,9
1,4,45,60,13,5677,6.78621,6,6
1,5,60,90,14,5696,7.66564,1,16
2,6,45,60,10,5674,6.98455,3,2
2,6,30,30,5,5675,4.51418,1,7
2,4,30,60,10,5664,6.86614,1,8
2,7,30,30,10,5644,7.59222,5,4
2,10,15,15,10,5644,7.25976,5,5
2,2,180,180,12,5640,7.55449,4,3
2,4,30,45,8,5602,6.6543,3,3
2,5,50,125,13,5599,7.6034,1,5
2,4,60,120,13,5598,7.25855,3,5
1,6,30,30,11,5591,6.18539,6,3
3,5,45,90,12,5598,8.38063,1,7
3,4,60,60,14,5590,6.99628,3,6
2,6,240,240,9,5588,6.36645,4,4
6,30,7,20,8,5559,6.99146,7,6
2,5,40,80,8,5546,7.58936,4,4
1,6,45,60,8,5543,7.84548,4,10
3,6,120,240,14,5549,7.51114,5,6
2,5,30,60,8,5538,8.24168,2,6
2,4,75,100,12,5529,7.04095,3,4
1,8,45,45,8,5540,7.11626,3,7
2,12,45,45,8,5526,6.94055,6,7
2,6,20,30,8,5526,6.88036,1,2
1,5,30,45,14,5516,6.95837,2,10
2,2,120,120,14,5508,7.81804,5,7
2,2,30,30,10,5498,7.43956,6,3
1,4,90,90,13,5497,7.27609,4,6
1,4,30,60,14,5491,7.31261,5,6
3,6,90,90,10,5482,6.20087,4,3
1,6,60,60,10,5487,7.36873,4,10
2,4,90,90,12,5474,7.38965,2,4
2,4,60,90,14,5462,7.64481,1,6
2,9,45,60,14,5468,7.5774,5,4
2,6,60,90,13,5443,7.1183,1,5
2,6,30,30,8,5438,7.68176,4,5
2,6,40,40,13,5428,6.07872,3,3
2,4,10,20,5,5424,7.229,3,3
2,7,30,60,8,5418,7.10163,2,4
2,4,90,180,12,5408,7.5356,6,6
3,5,75,75,10,5408,7.16098,2,7
2,2,5,20,10,5400,7.14893,5,4
2,6,30,30,8,5395,7.14549,4,2
2,4,30,30,6,5390,6.69676,1,4
1,4,60,120,13,5386,7.82855,7,9
2,6,15,20,10,5389,7.15506,3,2
2,5,45,45,12,5361,6.51677,1,3
3,4,120,120,12,5358,6.80023,4,2
1,5,30,60,14,5356,8.24682,3,4
2,4,20,20,10,5361,6.60193,2,4
1,5,60,120,12,5345,7.51177,1,8
4,10,10,10,8,5344,7.11976,4,5
1,8,20,20,7,5341,6.86643,4,8
1,5,60,60,13,5348,7.91534,3,8
1,4,20,45,12,5318,7.93345,3,8
3,6,90,90,10,5305,6.44666,5,5
2,4,30,45,10,5295,6.83355,2,5
2,2,480,480,14,5289,8.06437,2,3
1,4,45,60,14,5287,6.72115,3,3
2,5,120,120,12,5280,7.01378,4,5
2,4,15,15,7,5281,6.59981,2,4
1,4,30,45,10,5418,8.07567,2,3
1,5,30,150,14,5307,7.84311,3,5
2,2,30,30,9,5284,7.45012,1,2
2,4,8,20,13,5258,6.91665,5,9
2,5,20,20,10,5261,6.98744,1,5
3,5,90,120,14,5257,7.37825,5,6
2,4,5,15,7,5256,7.61331,4,5
2,4,70,100,12,5252,7.30068,3,8
2,5,240,360,12,5247,7.0294,4,6
2,4,60,90,12,5237,6.84803,6,5
1,4,30,60,10,5236,6.49678,5,6
2,6,60,180,12,5216,6.46752,5,5
2,4,30,30,10,5215,6.57147,4,4
1,6,20,20,8,5217,6.9484,1,4
2,4,60,60,10,5211,6.88166,4,7
2,4,60,120,10,5211,7.13184,3,5
1,4,45,90,14,5212,8.06075,3,11
1,5,45,45,8,5199,7.47428,1,8
2,5,50,125,14,5183,7.31506,4,7
2,5,30,30,12,5171,7.01504,2,5
1,4,60,100,14,5181,7.9118,1,7
2,5,45,75,14,5165,6.78992,2,5
4,9,120,180,14,5160,7.77913,5,7
2,4,30,45,8,5157,7.20618,1,9
2,4,30,60,8,5151,6.83252,3,3
2,5,80,120,12,5149,7.66397,2,10
2,5,30,30,8,5146,6.90375,3,7
2,5,45,45,8,5142,7.01154,1,3
1,4,60,100,12,5130,7.2889,1,6
2,4,60,120,12,5135,7.59398,2,8
1,4,60,180,13,5126,7.4685,4,8
2,15,20,20,12,5124,5.9936,6,1
1,5,150,150,12,5126,7.49706,7,7
3,5,30,30,7,5119,6.41541,2,1
2,4,10,10,6,5109,4.55459,3,1
2,4,60,60,10,5107,6.96974,3,8
2,5,90,90,12,5098,7.10187,1,5
1,4,80,160,14,5103,7.6548,7,11
2,4,90,120,12,5089,7.23291,4,2
2,5,15,15,8,5088,6.72203,1,1
2,6,30,30,7,5083,5.17936,1,5
1,5,45,60,10,5086,7.362,3,6
1,4,60,120,12,5083,7.54968,4,2
2,4,30,45,8,5078,7.30986,1,5
2,2,30,30,8,5072,7.28091,3,7
3,6,90,90,12,5063,6.50889,5,6
3,6,90,90,10,5064,6.09903,4,5
2,4,30,60,14,5062,7.05419,3,12
2,6,60,90,10,5065,8.70664,4,7
2,8,15,15,8,5051,6.76935,4,1
2,4,20,30,8,5054,7.46961,9,6
1,5,60,90,12,5043,7.89146,4,8
2,8,20,45,12,5039,6.92533,4,8
3,5,20,20,8,5039,6.56729,3,3
2,4,30,30,10,5031,7.4708,4,7
3,6,30,30,10,5033,6.68977,4,2
2,4,45,45,9,5027,6.66923,3,1
2,2,40,200,12,5026,7.78088,3,6
2,4,60,75,10,5023,7.27582,3,6
2,2,25,25,10,5023,6.93417,2,4
1,5,30,90,10,5014,7.32713,1,5
1,4,30,90,14,5022,8.95865,9,17
2,4,60,120,14,5003,7.49643,8,8
1,2,180,180,12,4998,7.56743,3,16
2,6,50,150,14,4996,7.17125,4,10
3,8,15,15,14,5001,6.54601,6,4
2,6,30,30,8,4990,7.21189,5,6
2,4,45,75,10,4990,6.88901,5,2
2,6,45,45,10,4978,7.17869,4,3
2,4,60,120,12,4973,7.63146,2,2
2,4,60,60,14,4966,7.01846,2,8
1,4,25,30,8,4977,7.45364,2,4
2,5,15,20,7,4953,5.39222,4,5
2,4,30,30,3,4952,3.20407,2,1
1,7,30,30,9,4949,6.5934,3,3
3,5,45,90,12,4936,7.67537,4,17
2,4,30,30,10,4935,7.57736,3,4
2,4,60,135,12,4929,7.46451,3,2
1,4,60,120,12,4929,7.22781,2,10
2,4,90,90,10,4927,7.30334,2,4
2,6,15,0,7,4931,6.99578,5,5
1,4,45,45,14,4931,7.703,4,6
2,6,5,15,10,4921,7.22437,4,6
2,4,10,30,13,4922,7.01214,3,6
2,4,10,15,8,4925,7.0847,1,4
2,4,20,40,13,4906,6.41057,5,5
3,5,30,30,10,4910,6.78369,1,3
2,4,120,120,9,4902,5.93729,6,4
2,5,90,150,14,4902,7.83518,4,9
2,4,45,60,10,4901,7.49103,3,5
2,3,30,60,8,4883,7.49986,2,4
1,4,30,120,13,4882,7.35911,4,8
2,4,30,45,10,4879,6.52443,1,4
2,6,45,45,10,4877,6.60744,4,7
2,4,45,45,14,4872,7.01095,4,6
2,4,20,40,8,4874,7.1483,1,3
1,6,90,120,13,4872,9.34449,5,7
1,4,60,120,12,4873,7.64702,2,5
2,5,90,180,13,4861,7.97481,5,7
2,6,30,30,12,4855,6.6427,3,3
1,4,120,180,14,4857,7.9444,4,10
1,4,60,90,13,4859,7.82339,3,12
3,5,60,90,12,4830,7.15916,4,5
2,5,60,90,8,4835,7.26127,2,5
1,6,120,120,14,4826,7.1121,5,6
1,5,60,90,14,4850,7.82682,2,6
2,2,20,20,6,4810,6.38178,5,4
2,6,45,45,8,4803,6.62293,2,2
2,4,60,60,10,4785,7.12736,3,3
2,6,30,30,3,4771,2.91119,4,4
2,4,20,20,10,4763,6.86206,4,9
1,6,60,60,13,4760,7.34522,3,6
1,5,45,45,12,4757,7.31938,2,5
2,5,180,240,14,4743,7.87754,3,3
2,4,45,45,8,4740,7.19516,2,7
3,4,90,90,12,4728,6.9222,1,4
2,5,20,20,8,4731,6.48573,6,4
8,24,60,60,8,4725,6.4578,6,9
2,2,45,45,8,4722,6.74341,3,6
1,6,20,45,7,4723,7.24509,3,2
2,6,120,120,12,4715,7.0755,5,3
2,4,20,20,8,4713,6.57923,4,4
2,2,45,45,13,4701,7.17238,5,7
1,4,60,150,14,4722,8.19015,3,10
3,8,240,240,12,4691,8.55007,7,8
2,6,45,60,8,4689,7.03924,3,1
2,4,40,110,14,4686,7.28522,1,8
2,6,20,40,8,4684,8.06251,4,4
2,4,30,60,8,4683,6.79691,2,3
2,5,60,120,10,4686,7.43034,2,5
1,7,60,120,10,4680,7.53705,7,8
2,4,10,10,8,4681,6.19522,2,4
2,5,60,120,12,4673,7.21187,2,6
2,3,40,60,10,4666,7.52675,4,3
2,8,60,120,12,4659,6.98132,4,5
2,6,60,60,8,4658,7.49178,3,5
2,5,90,90,14,4654,7.63745,5,7
2,4,45,60,12,4656,7.02528,2,6
3,7,20,20,10,4656,7.19715,2,7
2,4,40,60,14,4646,7.47392,1,4
2,4,30,30,10,4641,7.33726,4,2
1,5,45,60,10,5086,7.362,3,6
1,4,60,120,12,5083,7.54968,4,2
2,4,30,45,8,5078,7.30986,1,5
2,2,30,30,8,5072,7.28091,3,7
3,6,90,90,12,5063,6.50889,5,6
3,6,90,90,10,5064,6.09903,4,5
2,4,30,60,14,5062,7.05419,3,12
2,6,60,90,10,5065,8.70664,4,7
2,8,15,15,8,5051,6.76935,4,1
2,4,20,30,8,5054,7.46961,9,6
1,5,60,90,12,5043,7.89146,4,8
2,8,20,45,12,5039,6.92533,4,8
3,5,20,20,8,5039,6.56729,3,3
2,4,30,30,10,5031,7.4708,4,7
3,6,30,30,10,5033,6.68977,4,2
2,4,45,45,9,5027,6.66923,3,1
2,2,40,200,12,5026,7.78088,3,6
2,4,60,75,10,5023,7.27582,3,6
2,2,25,25,10,5023,6.93417,2,4
1,5,30,90,10,5014,7.32713,1,5
1,4,30,90,14,5022,8.95865,9,17
2,4,60,120,14,5003,7.49643,8,8
1,2,180,180,12,4998,7.56743,3,16
2,6,50,150,14,4996,7.17125,4,10
3,8,15,15,14,5001,6.54601,6,4
2,6,30,30,8,4990,7.21189,5,6
2,4,45,75,10,4990,6.88901,5,2
2,6,45,45,10,4978,7.17869,4,3
2,4,60,120,12,4973,7.63146,2,2
2,4,60,60,14,4966,7.01846,2,8
1,4,25,30,8,4977,7.45364,2,4
2,5,15,20,7,4953,5.39222,4,5
2,4,30,30,3,4952,3.20407,2,1
1,7,30,30,9,4949,6.5934,3,3
3,5,45,90,12,4936,7.67537,4,17
2,4,30,30,10,4935,7.57736,3,4
2,4,60,135,12,4929,7.46451,3,2
1,4,60,120,12,4929,7.22781,2,10
2,4,90,90,10,4927,7.30334,2,4
2,6,15,0,7,4931,6.99578,5,5
1,4,45,45,14,4931,7.703,4,6
2,6,5,15,10,4921,7.22437,4,6
2,4,10,30,13,4922,7.01214,3,6
2,4,10,15,8,4925,7.0847,1,4
2,4,20,40,13,4906,6.41057,5,5
3,5,30,30,10,4910,6.78369,1,3
2,4,120,120,9,4902,5.93729,6,4
2,5,90,150,14,4902,7.83518,4,9
2,4,45,60,10,4901,7.49103,3,5
2,3,30,60,8,4883,7.49986,2,4
1,4,30,120,13,4882,7.35911,4,8
2,4,30,45,10,4879,6.52443,1,4
2,6,45,45,10,4877,6.60744,4,7
2,4,45,45,14,4872,7.01095,4,6
2,4,20,40,8,4874,7.1483,1,3
1,6,90,120,13,4872,9.34449,5,7
1,4,60,120,12,4873,7.64702,2,5
2,5,90,180,13,4861,7.97481,5,7
2,6,30,30,12,4855,6.6427,3,3
1,4,120,180,14,4857,7.9444,4,10
1,4,60,90,13,4859,7.82339,3,12
3,5,60,90,12,4830,7.15916,4,5
2,5,60,90,8,4835,7.26127,2,5
1,6,120,120,14,4826,7.1121,5,6
1,5,60,90,14,4850,7.82682,2,6
2,2,20,20,6,4810,6.38178,5,4
2,6,45,45,8,4803,6.62293,2,2
2,4,60,60,10,4785,7.12736,3,3
2,6,30,30,3,4771,2.91119,4,4
2,4,20,20,10,4763,6.86206,4,9
1,6,60,60,13,4760,7.34522,3,6
1,5,45,45,12,4757,7.31938,2,5
2,5,180,240,14,4743,7.87754,3,3
2,4,45,45,8,4740,7.19516,2,7
3,4,90,90,12,4728,6.9222,1,4
2,5,20,20,8,4731,6.48573,6,4
8,24,60,60,8,4725,6.4578,6,9
2,2,45,45,8,4722,6.74341,3,6
1,6,20,45,7,4723,7.24509,3,2
2,6,120,120,12,4715,7.0755,5,3
2,4,20,20,8,4713,6.57923,4,4
2,2,45,45,13,4701,7.17238,5,7
1,4,60,150,14,4722,8.19015,3,10
3,8,240,240,12,4691,8.55007,7,8
2,6,45,60,8,4689,7.03924,3,1
2,4,40,110,14,4686,7.28522,1,8
2,6,20,40,8,4684,8.06251,4,4
2,4,30,60,8,4683,6.79691,2,3
2,5,60,120,10,4686,7.43034,2,5
1,7,60,120,10,4680,7.53705,7,8
2,4,10,10,8,4681,6.19522,2,4
2,5,60,120,12,4673,7.21187,2,6
2,3,40,60,10,4666,7.52675,4,3
2,8,60,120,12,4659,6.98132,4,5
2,6,60,60,8,4658,7.49178,3,5
2,5,90,90,14,4654,7.63745,5,7
2,4,45,60,12,4656,7.02528,2,6
3,7,20,20,10,4656,7.19715,2,7
2,4,40,60,14,4646,7.47392,1,4
2,4,30,30,10,4641,7.33726,4,2
2,2,60,60,10,4628,6.393,3,3
3,7,30,30,8,4628,6.50608,1,1
2,4,20,20,5,4621,7.14793,2,7
3,6,30,30,8,4608,7.39388,3,5
1,8,15,15,8,4610,7.38773,1,6
2,2,30,30,10,4612,8.08599,5,1
2,4,40,75,10,4602,6.8859,1,8
2,4,120,120,13,4601,7.18051,4,6
1,4,45,45,9,4598,7.52069,3,7
1,4,90,120,13,4613,8.58843,5,8
2,4,30,30,10,4591,6.4721,3,3
2,4,20,30,8,4596,6.93265,2,4
2,4,180,240,14,4589,8.84894,4,5
2,6,35,35,7,4588,8.08663,3,3
3,6,135,270,12,4578,7.11429,8,3
2,4,45,45,13,4576,7.01571,1,3
2,4,60,120,12,4572,7.21557,2,4
1,4,20,30,7,4581,7.23226,2,3
3,4,75,75,10,4571,7.17234,2,4
2,5,60,60,13,4565,7.10289,2,6
2,5,60,60,13,4551,5.70416,1,3
1,6,10,10,6,4549,4.15649,3,2
3,8,20,40,10,4545,6.86433,7,4
2,4,60,60,12,4533,6.98427,2,3
2,5,90,90,12,4535,7.59506,2,5
3,6,60,0,12,4530,7.44922,5,8
2,6,30,45,10,4536,7.04612,3,5
2,2,45,45,10,4523,7.2086,4,8
1,4,30,60,12,4526,6.76723,3,8
3,5,45,45,12,4517,6.98112,2,5
1,5,60,120,10,4518,8.0265,3,5
1,100,30,45,10,4525,7.75055,2,9
2,4,30,30,10,4516,6.7049,4,4
3,6,120,180,14,4510,7.04175,4,8
2,4,20,20,6,4509,7.02442,3,2
2,4,60,150,12,4509,7.53853,4,6
1,4,60,120,13,4505,7.58202,4,6
2,4,120,180,14,4504,7.83731,5,6
2,2,60,60,12,4499,6.83571,4,4
2,6,15,30,10,4588,7.57142,3,4
2,4,60,90,14,4497,7.76343,2,3
2,4,30,45,8,4491,7.19838,2,2
1,4,20,60,13,4491,6.80308,3,9
3,5,60,120,12,4488,6.8618,3,8
2,4,30,60,10,4508,7.62299,1,3
2,4,60,60,13,4484,7.97365,3,12
1,4,60,60,12,4469,7.73904,2,9
2,4,15,30,14,4467,6.60046,3,3
1,4,100,120,10,4481,8.27425,4,11
2,6,120,120,12,4458,7.95127,2,6
1,5,40,200,14,4456,8.66853,3,10
1,4,20,90,13,4417,7.41244,1,4
3,5,15,30,10,4423,7.1086,2,5
5,6,120,120,10,4414,6.99588,5,6
2,6,60,60,8,4412,7.20759,4,2
1,4,60,60,8,4406,7.12622,3,9
2,5,100,100,12,4405,8.41216,5,3
2,3,40,60,10,4398,7.52378,3,3
6,12,10,20,10,4397,6.52354,4,5
1,4,90,120,14,4388,6.45469,6,10
2,4,10,20,4,4387,6.65816,2,3
2,4,45,45,14,4394,7.15927,2,5
3,5,45,45,10,4385,6.57962,4,7
3,4,60,60,13,4381,6.72137,3,4
2,2,30,60,9,4377,7.26123,1,3
2,5,60,150,10,4375,7.62531,2,7
2,4,45,60,10,4373,6.91304,1,4
1,8,30,30,8,4368,5.99547,4,8
2,5,15,30,13,4366,7.04427,2,6
2,6,90,90,12,4358,7.19066,2,3
2,4,30,30,8,4357,6.42027,3,4
2,4,30,60,14,4364,7.31531,4,5
3,5,90,90,12,4350,7.28368,3,5
2,4,20,20,8,4348,6.80015,3,3
2,8,15,15,8,4345,6.76293,4,2
1,4,30,60,14,4336,7.49927,4,8
2,2,30,45,10,4335,7.45152,3,3
2,2,25,35,10,4335,7.69716,1,4
4,8,15,15,9,4325,7.04538,4,4
1,6,60,60,14,4317,7.69,7,5
2,4,30,60,8,4313,7.04704,1,2
2,4,60,120,10,4312,7.63206,3,9
2,4,45,0,8,4315,7.53507,4,8
2,4,30,45,10,4316,6.99974,3,6
2,5,90,90,13,4307,7.8399,5,5
2,6,45,75,14,4300,7.12823,4,7
2,5,20,20,10,4301,7.12614,1,3
3,5,180,300,12,4292,7.1866,4,5
2,5,60,120,10,4291,7.1445,4,5
1,4,120,180,13,4297,7.85385,3,11
1,8,120,240,12,4278,7.62194,6,5
1,4,30,45,14,4277,6.62734,3,6
2,6,30,30,8,4270,6.06774,2,3
3,5,60,60,10,4267,6.88104,2,8
2,7,180,240,13,4266,7.53651,5,5
2,5,15,15,8,4264,6.95893,2,3
2,5,20,20,8,4260,7.01333,1,3
1,4,40,80,13,4260,7.62068,5,4
1,4,15,45,10,4261,7.67166,2,6
3,8,15,30,12,4258,6.83119,2,2
2,2,20,20,9,4260,7.92939,5,7
2,5,90,90,12,4250,8.30628,2,7
1,4,30,360,12,4245,7.55003,1,7
1,6,300,300,14,4221,7.5329,4,13
3,5,60,60,16,4216,6.90159,2,3
2,4,30,60,10,4215,7.17071,2,3
2,5,60,90,10,4213,6.91754,4,5
2,4,180,180,13,4214,7.39215,4,4
3,6,60,60,12,4215,7.07846,4,8
2,6,15,25,8,4217,7.05074,2,3
2,5,15,20,7,4205,7.07316,5,2
2,8,15,45,8,4215,6.70743,2,1
3,5,45,45,10,4203,6.31031,2,6
2,2,30,30,13,4202,7.32011,2,4
2,2,15,30,10,4204,7.00856,3,3
3,5,90,120,14,4202,7.52738,5,5
2,4,45,45,4,4200,3.84445,1,2
2,2,30,60,12,4193,6.62209,5,4
3,6,30,30,8,4191,6.45266,1,1
4,8,45,45,8,4190,7.37464,5,5
2,2,30,30,8,4186,7.2318,2,4
2,99,10,10,8,4169,6.13046,4,4
2,4,30,45,10,4170,6.88427,2,3
1,6,45,60,14,4169,7.15631,2,10
3,6,15,15,6,4210,7.32826,2,4
2,8,45,45,10,4158,6.49416,4,9
2,2,120,180,12,4157,7.52515,2,8
2,4,45,60,13,4160,7.5354,5,4
1,6,40,120,14,4157,8.0392,5,6
2,2,20,20,10,4145,6.74009,2,4
2,8,15,45,7,4142,6.80103,2,2
1,5,15,30,10,4138,6.87332,5,6
1,4,40,60,14,4138,7.34935,1,6
2,5,40,90,10,4137,8.01264,1,8
2,4,1,15,8,4133,6.75792,2,5
2,4,60,60,10,4129,7.4849,1,3
2,7,45,45,10,4114,6.87749,5,4
5,68,30,90,8,4111,6.95853,7,7
3,4,60,90,13,4108,7.20633,2,4
2,2,45,60,12,4101,6.6434,3,6
2,5,90,90,13,4101,8.11508,6,3
2,4,30,45,8,4099,6.83601,2,2
2,4,120,120,11,4101,7.34457,3,7
1,6,30,30,14,4103,7.14734,2,5
2,5,90,90,14,4092,7.31111,4,7
2,4,30,30,8,4089,6.11897,2,3
2,2,30,45,12,4084,7.25571,8,4
2,4,15,15,8,4082,6.56386,4,2
2,4,60,75,13,4076,7.33599,2,8
2,4,90,120,12,4074,7.30494,3,8
2,4,35,45,10,4072,7.15114,1,3
2,5,30,30,8,4068,6.93428,2,6
3,6,120,120,14,4063,7.06683,3,10
1,4,30,50,8,4062,6.29058,2,5
2,6,120,240,12,4063,6.86514,4,10
1,4,30,45,8,4066,7.64263,2,3
3,10,30,30,8,4075,6.5725,2,5
1,8,90,120,14,4068,7.48846,1,3
1,4,60,120,12,4058,7.57549,2,7
2,4,40,80,13,4055,8.1241,4,5
2,4,15,20,7,4051,6.78062,2,3
2,5,45,45,10,4053,6.8976,2,3
1,4,30,45,12,4053,7.23912,1,6
2,4,20,20,8,4053,7.29005,2,4
1,8,90,240,12,4050,7.1187,2,8
2,5,45,45,10,4047,6.45181,2,4
2,4,60,90,10,4053,7.42371,2,3
2,4,20,40,8,4045,6.96696,1,3
1,4,15,60,10,4038,6.76474,4,4
2,6,30,240,12,4035,6.9667,2,6
2,4,30,30,8,4029,7.14973,4,4
1,4,90,180,12,4032,7.92852,4,12
1,6,90,90,13,4024,7.03553,1,5
2,4,30,45,8,4027,7.29026,2,5
2,4,90,0,12,4024,7.28321,5,7
2,4,180,180,12,4013,5.82296,5,3
2,8,15,15,8,4006,6.71322,3,1
2,2,1,1,4,4004,2.74655,2,3
2,4,60,90,13,4014,8.05509,3,6
1,4,45,60,8,4006,7.19928,4,12
5,6,120,120,12,4004,7.13663,3,6
2,4,180,240,14,3989,8.33161,5,7
2,4,30,60,10,3978,6.84503,1,3
2,5,45,45,12,3974,6.47792,4,9
2,6,90,90,12,3971,6.92768,3,4
2,8,40,40,10,3969,7.11086,4,6
1,4,120,120,12,3965,7.95287,7,6
2,5,40,60,10,3964,7.41949,2,7
2,6,120,120,12,3967,7.54889,4,9
1,4,90,90,14,3965,7.50516,4,9
2,4,30,30,10,3957,6.74066,2,3
3,7,20,40,8,3955,6.67026,5,3
2,5,60,75,13,3952,7.107,5,7
2,6,15,15,7,3951,6.30733,3,3
2,4,75,75,14,3949,7.40414,3,7
2,4,180,180,9,3937,6.55656,6,5
1,5,120,120,12,3935,7.101,3,5
2,2,45,60,14,3936,7.80233,2,9
3,5,30,45,14,3936,6.86422,4,7
1,4,60,240,14,3936,7.68267,6,12
2,4,60,90,14,3932,7.18866,3,6
3,5,180,180,13,3931,6.74391,2,6
3,6,60,60,12,3933,6.76926,2,6
1,4,75,150,12,3947,8.33034,2,9
2,5,80,180,12,3933,7.58996,4,4
1,8,90,90,14,3928,7.64301,8,6
2,6,180,360,14,3923,7.87824,6,10
1,4,90,240,15,3939,8.56585,4,10
1,6,60,60,14,3910,7.97714,5,7
2,7,30,30,8,3904,6.4665,2,2
2,6,30,60,8,3899,6.84423,2,5
1,4,120,240,14,3896,7.12588,5,6
2,5,10,30,12,3899,7.42721,6,5
2,2,30,60,13,3893,7.65614,1,2
3,6,25,25,9,3896,7.26796,2,1
2,4,20,30,13,3894,6.71159,5,4
1,2,60,120,14,3893,8.42568,5,4
1,4,90,120,14,3895,7.56332,3,6
2,4,60,120,10,3891,7.36656,4,5
1,4,30,30,6,3884,6.33685,2,1
2,6,10,10,6,3882,6.24197,4,4
1,4,40,160,14,3886,7.85626,2,10
2,4,60,60,8,3885,5.51287,1,3
2,2,45,45,12,3880,7.48579,4,4
1,5,50,70,12,3911,7.65794,2,7
2,6,30,30,8,3875,6.68175,1,4
2,4,45,45,12,3873,7.13349,3,4
2,4,75,150,12,3871,8.44244,3,5
2,4,30,30,8,3904,7.49548,2,4
1,4,90,150,14,3885,8.93516,4,10
1,12,20,20,6,3867,6.23353,2,4
2,4,120,120,12,3866,7.19971,3,6
2,2,30,30,10,3867,6.65337,3,4
2,4,90,90,14,3863,7.96195,4,10
2,2,120,480,14,3860,8.00964,2,14
2,5,45,45,8,3859,6.59817,5,2
2,5,30,60,8,3864,8.20671,2,6
1,4,45,75,12,3860,7.38809,2,9
3,5,30,60,9,3853,7.00688,3,2
2,5,60,60,12,3851,6.65539,3,5
2,4,45,45,10,3847,6.34726,1,4
2,5,25,25,8,3847,6.89275,2,2
1,1,30,30,14,3852,7.45725,2,2
1,4,30,60,13,3846,6.89966,3,6
1,4,60,90,12,3844,7.71772,4,3
1,5,40,70,10,3850,8.17587,4,3
2,5,120,180,14,3843,7.3476,1,6
2,4,20,60,10,3834,6.40847,1,5
2,5,45,75,14,3830,7.41857,2,8
1,5,240,240,14,3820,8.78205,6,11
2,2,40,60,9,3822,8.11518,3,10
2,2,60,60,14,3811,7.14511,4,4
1,4,10,60,8,3812,7.43284,2,3
1,6,45,75,10,3812,7.33468,4,2
1,6,60,60,10,3804,7.62004,4,2
1,4,60,90,14,3800,7.50555,2,14
2,5,60,90,14,3789,7.40092,3,5
2,4,45,90,10,3793,7.07153,1,7
3,6,120,180,14,3787,8.11942,8,6
2,9,120,120,14,3787,8.4001,5,8
2,4,30,45,14,3821,7.62821,3,4
2,5,40,80,8,3776,7.30244,4,7
3,6,90,90,10,3766,6.52782,5,5
2,4,10,10,8,3771,6.89332,3,5
2,2,30,30,10,3758,6.81278,2,9
1,6,120,120,12,3755,7.65815,5,9
3,7,60,60,10,3755,6.61654,2,3
1,4,90,90,14,3760,7.68655,1,7
2,4,45,60,14,3747,6.70228,4,5
3,8,30,60,10,3746,7.04907,1,2
2,7,10,10,5,3745,6.388,2,1
2,6,30,45,14,3745,6.51373,4,5
3,5,60,90,14,3751,7.50342,3,4
2,4,60,120,10,3743,8.38938,7,5
1,4,45,90,12,3742,6.84728,3,1
1,4,25,30,10,3766,7.1541,2,8
1,8,180,180,14,3736,8.21343,6,7
3,6,60,60,10,3731,8.2239,6,3
3,4,75,75,10,3727,6.98272,3,5
2,4,45,90,10,3727,7.10099,7,4
1,5,40,40,14,3727,8.05233,3,6
1,4,30,60,13,3713,7.10614,5,6
1,4,30,120,12,3713,8.93045,6,6
1,4,45,90,12,3705,6.88583,3,1
1,4,90,180,13,3711,8.17889,4,13
1,4,30,45,10,3708,7.71527,3,6
2,6,5,10,7,3705,7.23915,4,3
1,8,30,30,8,3701,6.13643,2,3
1,4,20,45,10,3688,6.86358,2,6
2,4,75,75,14,3690,7.13241,1,5
2,9,20,40,12,3686,6.88997,3,5
1,6,90,240,13,3708,8.31205,4,6
2,3,210,210,14,3686,7.98545,5,9
3,6,90,90,12,3680,6.57868,3,3
1,5,60,60,14,3690,7.58257,2,8
1,4,20,45,14,3683,7.36647,5,8
2,2,30,30,10,3673,6.80184,2,1
2,4,60,60,12,3674,6.83166,3,7
2,2,15,15,8,3675,7.05986,4,5
2,6,30,45,12,3672,4.20886,4,10
1,4,60,90,10,3663,6.3811,4,9
2,2,30,30,13,3663,6.49944,4,1
2,6,30,30,8,3661,6.49853,1,3
3,5,150,150,12,3662,7.4591,4,8
2,4,60,120,13,3658,7.16468,3,10
1,4,30,60,12,3655,6.69609,1,3
1,4,45,75,14,3658,7.78992,7,12
1,4,75,150,12,3677,8.59856,2,9
1,4,45,45,14,3651,6.81776,3,4
1,4,30,60,14,3652,7.31432,4,5
1,1,10,30,12,3650,7.34375,1,8
1,4,30,30,13,3647,7.27748,2,5
1,6,30,60,12,3649,7.76218,6,3
1,4,30,60,14,3650,7.5751,2,4
3,5,120,120,14,3646,7.60986,1,7
2,2,20,20,8,3642,6.54523,4,4
3,6,90,90,10,3642,6.16939,4,3
4,8,15,15,18,3639,6.56823,6,4
2,2,45,45,14,3636,7.22671,4,3
2,5,75,75,13,3634,7.0613,2,4
2,5,60,60,10,3630,6.38741,4,13
2,2,5,5,8,3627,6.38454,1,3
2,6,120,120,12,3622,7.7966,3,2
4,18,60,60,12,3622,7.67845,3,4
1,8,240,240,12,3619,7.31651,6,5
2,4,0,0,12,3618,7.09995,5,6
3,5,120,180,14,3617,6.18177,3,6
2,6,15,15,8,3617,6.99337,2,3
2,7,90,90,10,3614,7.29555,2,2
3,3,180,180,14,3617,7.81682,9,9
2,4,20,40,10,3617,7.06023,4,6
2,10,1,10,12,3609,5.41466,3,5
3,6,30,30,8,3615,7.30812,2,2
2,5,30,60,14,3611,8.08661,6,8
1,4,60,120,13,3609,8.6174,5,10
2,2,30,45,12,3602,6.73639,5,4
1,1,30,30,10,3601,7.16695,3,4
1,4,90,90,12,3599,7.39359,2,5
1,7,30,30,8,3599,6.08584,1,2
2,5,90,120,13,3595,7.31204,3,6
2,6,60,60,12,3591,6.76723,3,4
2,4,30,30,10,3590,7.13014,3,6
5,11,45,90,12,3598,7.86181,7,10
2,2,30,30,10,3592,7.02262,3,6
1,4,40,100,14,3590,8.28374,5,5
1,5,60,120,14,3590,8.20843,3,10
2,4,20,20,8,3598,6.82389,4,5
2,2,30,30,8,3573,6.85995,3,4
1,8,120,240,14,3565,8.31218,6,6
1,4,10,20,13,3565,7.63325,4,6
1,4,90,120,14,3562,7.58339,1,7
3,5,50,60,12,3561,7.30358,2,4
1,1,5,10,8,3563,7.30906,5,5
2,4,45,45,10,3551,6.94393,2,3
2,2,45,45,10,3543,7.16112,2,5
1,4,20,20,8,3551,6.36735,2,2
4,9,30,30,14,3548,7.47097,1,5
1,5,45,90,10,3542,7.16355,2,9
1,4,45,80,13,3539,7.26267,4,4
2,4,60,90,14,3541,7.23434,1,8
2,5,90,90,13,3533,7.21087,9,9
2,2,30,30,14,3531,7.19194,2,4
1,4,60,90,14,3530,7.46364,3,8
2,2,30,30,12,3525,6.83962,4,4
2,4,60,120,12,3521,7.49635,4,11
2,4,30,60,14,3524,7.28044,3,6
1,5,30,75,10,3527,7.57147,4,3
1,4,45,90,10,3517,7.04077,1,1
2,4,30,30,13,3515,6.80938,4,5
1,6,90,90,12,3504,7.45489,5,4
1,4,45,45,14,3504,7.46205,4,11
3,8,10,20,7,3503,6.62961,2,2
2,5,45,45,10,3497,6.80397,3,3
1,1,30,45,10,3505,7.71322,1,4
2,4,120,120,10,3491,7.12016,3,5
1,4,180,180,14,3492,7.68094,4,5
2,8,15,15,8,3490,6.72317,5,1
1,5,90,120,12,3492,8.26228,4,6
2,5,45,60,12,3487,6.75908,3,5
2,4,120,120,12,3485,7.0076,1,4
3,5,90,90,10,3484,5.97413,2,5
2,5,35,35,8,3475,7.05532,2,3
2,5,30,30,14,3475,6.40764,2,3
1,8,180,180,13,3474,7.89576,6,5
2,2,20,20,9,3470,7.56523,3,2
2,6,5,30,8,3468,6.09663,2,2
3,13,30,90,14,3474,6.07472,2,3
2,4,30,30,6,3467,6.59808,4,2
2,2,60,60,14,3455,7.55231,2,12
2,5,90,90,12,3455,8.39584,4,6
3,5,90,90,10,3453,6.6064,2,3
2,5,60,150,14,3452,7.51644,2,8
3,7,60,75,12,3448,6.97934,8,5
1,4,60,120,12,3449,7.51985,3,8
2,5,30,45,8,3453,7.22076,1,1
2,2,30,30,12,3445,6.48778,3,3
2,5,90,90,12,3444,6.72274,2,5
2,4,45,45,8,3445,6.76639,1,2
2,5,30,45,8,3446,6.79385,3,3
2,4,90,180,14,3450,7.45215,3,9
2,4,30,30,8,3444,6.84549,1,4
2,2,120,120,12,3441,7.84703,6,3
2,5,45,75,10,3438,7.20024,3,5
1,4,240,240,14,3432,7.70274,5,5
2,4,60,120,14,3496,8.32214,2,11
2,4,45,75,10,3439,7.96318,4,6
2,6,180,180,12,3424,6.67838,2,7
2,6,20,20,8,3423,6.65466,1,3
2,6,30,30,8,3417,6.48651,1,4
1,2,60,180,12,3422,8.68723,4,13
1,2,30,45,10,3415,7.04099,4,7
2,4,90,90,8,3414,5.74254,1,4
2,5,60,60,13,3409,7.45775,4,3
3,5,60,60,12,3411,7.21474,2,8
2,5,40,80,8,3397,7.22126,4,6
3,6,60,120,8,3395,6.54717,5,15
2,4,90,120,12,3386,7.71648,3,4
2,6,15,15,10,3379,6.95614,4,3
3,10,20,30,10,3378,6.66925,3,4
2,4,180,180,13,3373,7.61269,7,15
2,7,60,90,14,3369,7.07367,2,6
2,5,20,30,7,3366,6.72926,2,4
2,4,60,120,14,3365,6.75095,4,3
1,4,45,200,13,3369,7.41065,3,9
2,4,45,75,10,3363,7.0174,2,5
1,2,30,30,13,3360,7.26533,2,5
2,8,360,480,12,3358,8.01275,5,4
1,4,90,90,13,3359,6.64413,4,5
2,5,30,60,8,3355,7.37899,2,4
2,4,60,90,14,3359,7.56973,1,3
2,2,30,60,9,3350,7.08236,1,2
3,5,75,75,14,3351,7.52708,5,5
1,4,60,60,14,3351,7.36069,2,7
2,6,30,30,8,3349,7.01946,4,4
2,12,45,45,14,3350,6.41279,2,2
2,5,60,80,12,3354,8.21535,3,4
3,4,60,60,12,3347,6.87062,4,4
2,6,120,120,13,3345,8.01112,3,4
1,4,45,90,12,3342,6.78594,3,2
4,8,10,20,12,3341,6.5516,5,6
2,4,90,120,14,3339,7.47293,5,5
2,6,20,120,12,3341,6.97184,4,7
2,4,60,90,10,3334,6.58963,2,5
2,5,90,90,12,3334,8.20099,1,7
2,4,60,60,13,3334,6.75018,4,7
4,6,60,60,13,3333,6.30001,7,10
1,4,60,120,12,3332,7.36851,4,12
1,5,45,45,10,3324,7.81999,3,7
2,4,45,60,10,3323,7.22894,3,6
1,4,120,150,16,3326,8.23768,4,9
2,5,75,75,14,3328,7.31744,2,6
2,4,30,30,8,3315,6.46222,1,3
2,5,60,60,10,3314,6.16156,4,6
3,5,60,90,12,3314,6.50078,3,6
2,6,50,70,10,3313,6.54618,2,4
2,4,60,90,12,3315,7.54556,1,7
2,4,30,30,10,3307,7.19042,3,5
2,3,40,60,10,3307,7.60747,3,3
2,5,60,60,12,3302,7.93215,5,3
2,4,15,20,4,3303,6.56803,3,1
2,4,30,30,8,3306,7.22905,3,4
4,6,120,240,14,3297,7.05988,5,6
1,4,45,45,8,3295,6.56909,2,3
2,4,60,150,14,3300,7.79897,1,4
2,4,60,90,14,3290,8.31833,5,12
2,6,45,45,10,3285,6.82348,4,2
3,6,45,45,12,3284,6.42577,5,4
2,2,30,45,12,3280,7.26175,6,4
2,2,90,90,14,3281,8.04365,2,8
2,4,120,120,10,3280,6.13304,4,6
2,4,25,45,14,3280,6.68371,4,4
2,4,60,60,12,3273,7.22458,2,3
3,6,90,90,14,3273,6.68375,5,4
2,6,60,60,8,3272,5.96458,4,2
1,4,20,20,10,3276,7.11956,1,3
1,6,20,20,8,3278,7.07201,1,3
2,4,60,120,12,3269,7.54936,1,2
1,5,90,90,8,3272,8.01213,2,5
2,5,40,60,10,3269,7.90052,2,4
1,8,20,20,10,3268,6.6076,2,3
2,5,75,75,12,3263,7.05331,3,2
2,4,45,45,13,3262,6.92426,5,4
3,12,15,15,13,3263,6.8344,5,4
2,4,30,60,12,3260,6.95872,4,10
2,4,30,30,6,3257,4.12536,3,2
2,6,15,60,12,3257,7.2081,3,3
1,5,120,180,14,3254,8.34383,9,10
2,10,60,120,11,3254,6.48415,7,4
2,5,45,45,8,3254,6.76307,1,4
1,99,60,60,10,3254,6.23583,2,6
2,4,20,20,7,3250,6.88708,2,5
2,2,30,60,14,3251,7.36759,3,5
3,12,20,20,8,3255,6.602,3,7
1,6,60,999,14,3249,7.2049,3,6
2,6,10,10,6,3252,5.80335,5,2
3,4,60,60,10,3245,7.01826,4,3
1,4,60,140,14,3243,7.56684,3,8
3,5,60,90,10,3239,6.89152,4,5
3,5,120,120,10,3239,6.72692,3,5
2,4,20,30,8,3239,6.74516,1,2
2,4,30,30,8,3444,6.84549,1,4
2,2,120,120,12,3441,7.84703,6,3
2,5,45,75,10,3438,7.20024,3,5
1,4,240,240,14,3432,7.70274,5,5
2,4,60,120,14,3496,8.32214,2,11
2,4,45,75,10,3439,7.96318,4,6
2,6,180,180,12,3424,6.67838,2,7
2,6,20,20,8,3423,6.65466,1,3
2,6,30,30,8,3417,6.48651,1,4
1,2,60,180,12,3422,8.68723,4,13
1,2,30,45,10,3415,7.04099,4,7
2,4,90,90,8,3414,5.74254,1,4
2,5,60,60,13,3409,7.45775,4,3
3,5,60,60,12,3411,7.21474,2,8
2,5,40,80,8,3397,7.22126,4,6
3,6,60,120,8,3395,6.54717,5,15
2,4,90,120,12,3386,7.71648,3,4
2,6,15,15,10,3379,6.95614,4,3
3,10,20,30,10,3378,6.66925,3,4
2,4,180,180,13,3373,7.61269,7,15
2,7,60,90,14,3369,7.07367,2,6
2,5,20,30,7,3366,6.72926,2,4
2,4,60,120,14,3365,6.75095,4,3
1,4,45,200,13,3369,7.41065,3,9
2,4,45,75,10,3363,7.0174,2,5
1,2,30,30,13,3360,7.26533,2,5
2,8,360,480,12,3358,8.01275,5,4
1,4,90,90,13,3359,6.64413,4,5
2,5,30,60,8,3355,7.37899,2,4
2,4,60,90,14,3359,7.56973,1,3
2,2,30,60,9,3350,7.08236,1,2
3,5,75,75,14,3351,7.52708,5,5
1,4,60,60,14,3351,7.36069,2,7
2,6,30,30,8,3349,7.01946,4,4
2,12,45,45,14,3350,6.41279,2,2
2,5,60,80,12,3354,8.21535,3,4
3,4,60,60,12,3347,6.87062,4,4
2,6,120,120,13,3345,8.01112,3,4
1,4,45,90,12,3342,6.78594,3,2
4,8,10,20,12,3341,6.5516,5,6
2,4,90,120,14,3339,7.47293,5,5
2,6,20,120,12,3341,6.97184,4,7
2,4,60,90,10,3334,6.58963,2,5
2,5,90,90,12,3334,8.20099,1,7
2,4,60,60,13,3334,6.75018,4,7
4,6,60,60,13,3333,6.30001,7,10
1,4,60,120,12,3332,7.36851,4,12
1,5,45,45,10,3324,7.81999,3,7
2,4,45,60,10,3323,7.22894,3,6
1,4,120,150,16,3326,8.23768,4,9
2,5,75,75,14,3328,7.31744,2,6
2,4,30,30,8,3315,6.46222,1,3
2,5,60,60,10,3314,6.16156,4,6
3,5,60,90,12,3314,6.50078,3,6
2,6,50,70,10,3313,6.54618,2,4
2,4,60,90,12,3315,7.54556,1,7
2,4,30,30,10,3307,7.19042,3,5
2,3,40,60,10,3307,7.60747,3,3
2,5,60,60,12,3302,7.93215,5,3
2,4,15,20,4,3303,6.56803,3,1
2,4,30,30,8,3306,7.22905,3,4
4,6,120,240,14,3297,7.05988,5,6
1,4,45,45,8,3295,6.56909,2,3
2,4,60,150,14,3300,7.79897,1,4
2,4,60,90,14,3290,8.31833,5,12
2,6,45,45,10,3285,6.82348,4,2
3,6,45,45,12,3284,6.42577,5,4
2,2,30,45,12,3280,7.26175,6,4
2,2,90,90,14,3281,8.04365,2,8
2,4,120,120,10,3280,6.13304,4,6
2,4,25,45,14,3280,6.68371,4,4
2,4,60,60,12,3273,7.22458,2,3
3,6,90,90,14,3273,6.68375,5,4
2,6,60,60,8,3272,5.96458,4,2
1,4,20,20,10,3276,7.11956,1,3
1,6,20,20,8,3278,7.07201,1,3
2,4,60,120,12,3269,7.54936,1,2
1,5,90,90,8,3272,8.01213,2,5
2,5,40,60,10,3269,7.90052,2,4
1,8,20,20,10,3268,6.6076,2,3
2,5,75,75,12,3263,7.05331,3,2
2,4,45,45,13,3262,6.92426,5,4
3,12,15,15,13,3263,6.8344,5,4
2,4,30,60,12,3260,6.95872,4,10
2,4,30,30,6,3257,4.12536,3,2
2,6,15,60,12,3257,7.2081,3,3
1,5,120,180,14,3254,8.34383,9,10
2,10,60,120,11,3254,6.48415,7,4
2,5,45,45,8,3254,6.76307,1,4
1,99,60,60,10,3254,6.23583,2,6
2,4,20,20,7,3250,6.88708,2,5
2,2,30,60,14,3251,7.36759,3,5
3,12,20,20,8,3255,6.602,3,7
1,6,60,999,14,3249,7.2049,3,6
2,6,10,10,6,3252,5.80335,5,2
3,4,60,60,10,3245,7.01826,4,3
1,4,60,140,14,3243,7.56684,3,8
3,5,60,90,10,3239,6.89152,4,5
3,5,120,120,10,3239,6.72692,3,5
2,4,20,30,8,3239,6.74516,1,2
2,4,45,45,8,3240,5.85471,3,2
2,4,45,45,14,3238,6.98318,1,3
1,4,45,60,12,3236,7.28859,4,8
4,8,30,45,8,3236,6.99367,4,3
1,4,30,30,8,3232,7.322,3,3
2,4,20,20,8,3231,6.65811,4,4
2,4,60,120,13,3248,7.80712,3,10
2,6,40,40,8,3230,5.93745,3,2
2,6,40,40,8,3224,6.75694,3,4
2,4,30,30,14,3223,8.11101,3,6
2,4,30,30,8,3220,6.15032,1,1
2,5,60,90,13,3213,7.37684,2,4
2,6,60,60,12,3212,7.0648,2,12
2,5,60,90,12,3206,6.93914,2,8
1,2,30,45,14,3202,7.0961,4,10
2,6,120,120,12,3198,7.91485,3,4
2,4,60,90,12,3199,7.36634,4,6
1,5,30,60,14,3196,6.98482,3,3
2,4,45,60,13,3192,7.31332,3,6
2,2,30,30,8,3190,6.74517,3,7
1,5,45,45,14,3192,7.91134,3,4
1,2,30,30,10,3190,6.42436,3,6
1,4,15,30,8,3190,7.62697,2,8
2,4,30,45,10,3187,6.84351,2,5
3,5,30,90,12,3184,6.99539,2,4
1,4,30,30,14,3188,7.48877,2,4
1,6,40,120,10,3181,8.84444,4,10
1,4,120,180,14,3177,7.57948,5,8
1,4,100,100,14,3181,7.58519,5,10
1,5,45,45,14,3175,7.9726,3,4
1,2,30,30,10,3171,7.05538,4,8
2,4,30,30,13,3168,7.85784,3,5
1,4,90,120,12,3167,6.59501,3,13
1,4,20,45,8,3174,7.2516,2,7
2,6,20,40,10,3171,6.7879,5,6
2,6,90,90,10,3165,6.00722,3,5
2,6,10,20,6,3164,6.13693,4,2
5,6,20,40,14,3163,7.69313,3,4
2,4,60,120,12,3162,7.38153,2,5
1,3,60,300,14,3161,7.66772,3,5
2,5,90,120,10,3161,7.3905,4,4
2,5,60,90,12,3164,7.43463,3,9
2,2,30,45,14,3159,7.73097,6,6
2,4,15,15,0,3159,6.76196,3,2
3,6,30,45,10,3154,6.45106,3,2
3,6,90,90,13,3154,6.68284,3,4
1,5,15,20,8,3151,6.96809,3,5
1,1,30,30,12,3147,7.45863,3,6
1,4,30,30,12,3150,7.08342,1,6
2,4,60,120,12,3145,6.90387,1,2
2,8,120,240,12,3145,7.46453,6,3
2,6,30,30,3,3143,4.77415,8,5
3,5,20,30,8,3150,7.22322,2,3
4,4,60,60,12,3140,7.45823,1,7
2,5,60,120,12,3139,7.82731,3,3
4,16,30,30,13,3133,5.8421,4,4
2,5,90,90,12,3132,7.37511,2,3
2,6,30,30,8,3126,4.88022,3,5
1,4,90,150,14,3130,8.18649,3,8
3,6,90,90,10,3124,6.00071,4,3
2,4,30,60,10,3121,7.10273,3,6
2,8,15,15,8,3119,6.61594,5,5
5,5,60,90,13,3114,8.08029,5,2
1,5,60,120,14,3119,7.72707,2,8
2,4,30,30,8,3111,6.6537,1,3
2,7,42,42,10,3104,7.74662,3,4
2,4,60,60,10,3096,6.72327,2,4
2,2,30,45,14,3095,8.04314,7,8
2,6,20,20,8,3094,6.41867,3,2
2,4,50,100,12,3095,7.38539,1,4
3,6,30,30,8,3091,6.64664,2,7
2,5,45,45,7,3093,7.20136,4,5
1,5,45,60,14,3093,7.41804,2,7
2,2,30,30,10,3088,7.07094,1,4
1,4,40,40,10,3097,8.00079,1,11
1,4,60,90,12,3079,7.55715,3,8
4,12,30,30,12,3076,7.7299,3,3
2,4,120,120,10,3074,7.05703,2,7
2,4,30,60,10,3079,6.9283,1,9
1,7,90,115,14,3072,8.0813,5,3
2,6,180,240,10,3070,6.72356,5,3
1,4,120,120,10,3070,7.49864,2,5
2,4,90,150,12,3072,7.32578,1,5
4,6,40,40,10,3059,5.99104,5,9
4,8,30,30,12,3059,6.7413,6,5
2,8,30,60,8,3058,7.97835,3,4
2,4,60,60,12,3057,6.92387,2,11
2,5,15,15,6,3059,6.65106,2,3
2,6,30,60,4,3060,5.71972,7,2
2,5,20,90,10,3079,8.73094,1,9
2,6,360,360,12,3056,7.44235,3,4
2,4,30,60,11,3056,7.60906,5,4
1,6,45,75,10,3055,7.15608,2,4
2,2,30,30,8,3055,6.15891,1,4
2,4,40,75,10,3048,7.13022,1,3
1,6,60,60,14,3050,8.06428,5,7
1,5,45,45,14,3042,7.9437,3,4
3,20,30,90,17,3042,5.09061,4,2
1,5,15,30,10,3042,7.06205,1,4
3,6,60,60,14,3036,6.61867,3,4
2,5,120,120,13,3035,7.34366,3,6
2,4,60,120,14,3045,7.5484,4,8
2,7,240,240,12,3034,6.53258,5,6
2,5,60,90,14,3034,7.47017,4,5
2,2,30,30,13,3031,6.89659,5,5
1,4,20,20,14,3030,6.78448,1,2
2,6,180,180,12,3029,6.96129,3,6
2,5,30,60,10,3032,7.09324,3,5
1,4,45,45,8,3028,7.04083,2,2
2,8,20,120,10,3032,7.48657,2,1
2,5,60,90,8,3025,7.04201,2,5
2,2,60,120,12,3024,7.2384,4,9
2,5,5,5,8,3020,6.77084,4,4
1,4,15,30,10,3025,7.2381,2,2
3,7,30,45,10,3018,6.90702,2,4
2,6,30,30,6,3013,5.40982,2,3
2,4,45,45,13,3013,6.78699,1,5
2,4,30,30,8,3012,6.66759,1,5
2,4,60,90,13,3010,7.90532,7,5
3,8,15,15,8,3025,7.12746,3,1
2,4,60,120,14,3010,7.35454,1,5
2,5,30,90,8,3004,6.44551,1,3
1,2,20,20,14,3009,7.56537,3,4
2,4,40,90,10,3002,6.80649,4,3
2,4,180,180,14,3003,7.87835,1,5
1,4,180,180,0,2997,8.06695,5,6
1,5,20,50,8,3007,7.56936,4,5
3,5,60,90,12,2993,7.14232,1,3
1,5,45,60,13,2992,7.19038,3,5
1,6,60,60,10,2996,7.06409,3,3
1,4,60,90,14,2994,7.49012,1,10
2,6,45,45,8,2989,6.42983,1,5
2,6,30,30,8,2990,5.62305,1,5
2,6,30,45,8,2988,7.02448,4,3
2,5,60,90,10,2986,7.87345,7,5
2,2,30,30,10,2985,6.92695,6,4
3,5,120,240,14,2983,7.91147,2,8
3,4,90,90,13,2981,7.24328,3,14
2,4,30,30,10,2981,6.12092,2,2
1,4,40,80,10,2988,6.95893,2,8
3,8,60,90,10,2977,7.4246,5,2
3,5,30,30,10,2970,6.53816,1,3
1,4,20,35,14,2971,6.55956,4,5
1,12,30,45,8,2968,8.09559,3,4
2,5,30,60,12,2969,8.18703,3,3
2,5,30,60,12,2966,7.05048,4,5
2,2,90,240,13,2965,7.85749,6,4
2,4,50,50,10,2967,7.21422,2,4
3,6,75,75,12,2961,6.96941,2,1
2,4,10,10,4,2961,4.13537,4,1
2,4,60,60,10,2965,6.96446,1,2
2,6,60,60,10,2958,6.21429,5,3
2,4,90,90,12,2957,6.86817,2,5
1,2,45,45,14,2962,7.18662,3,6
2,4,60,120,12,2957,7.21838,3,3
2,4,60,90,13,2950,7.21362,1,6
3,5,60,60,13,2943,6.85474,3,4
2,6,120,120,13,2937,8.00645,3,4
1,8,30,30,10,2939,7.15552,4,5
3,8,60,60,12,2932,5.23383,4,4
2,6,20,40,8,2936,8.02902,5,4
2,4,45,45,9,2929,7.00189,2,4
1,5,45,45,10,2927,7.1033,3,4
2,4,30,30,8,2929,6.89254,1,1
2,4,30,30,7,2927,6.08914,4,4
3,16,20,20,14,2922,6.39805,4,4
2,5,45,45,8,2923,7.55149,1,8
2,2,20,30,10,2933,7.11514,2,4
2,5,90,180,14,2913,7.09431,3,4
2,2,20,60,12,2913,7.57696,1,3
2,5,60,120,10,2909,8.14914,4,8
2,2,30,30,12,2907,7.61493,6,8
1,4,10,20,14,2910,6.65174,3,1
3,6,30,30,8,2905,7.72283,6,3
1,5,60,180,15,2904,7.72982,3,5
1,4,45,45,8,2910,7.47096,1,4
1,4,30,30,13,2896,6.24467,2,7
2,5,240,240,12,2896,6.92836,3,4
2,5,30,60,8,2895,7.35343,2,4
3,4,210,210,12,2894,7.55548,2,7
1,3,45,45,10,2889,6.94421,3,10
1,4,45,60,14,2889,6.89333,5,9
1,4,90,90,8,2888,7.93319,3,2
1,6,45,75,10,2885,6.99207,2,3
1,5,60,90,14,2884,7.0362,4,6
1,4,20,40,10,2880,7.09177,3,5
1,4,90,120,12,2877,8.41368,2,2
2,4,45,60,10,2875,6.21379,1,3
1,1,15,30,12,2886,7.92618,4,4
1,4,30,150,12,2908,8.82502,4,7
3,6,90,90,10,2872,5.86692,4,3
2,4,60,60,14,2874,7.66375,2,7
2,4,60,90,12,2872,6.92812,3,4
1,6,60,60,10,2871,7.52901,4,2
2,4,20,20,8,2870,6.57066,2,6
2,6,10,30,4,2869,4.33633,3,4
2,2,20,20,9,2867,8.13625,5,7
1,4,20,60,10,2858,6.76475,3,6
2,10,30,30,10,2857,6.09435,8,5
2,6,30,30,8,2868,7.38466,2,6
3,6,15,15,14,2847,6.99166,5,4
3,20,15,15,8,2842,5.83616,5,1
2,5,40,100,14,2841,7.2876,2,3
2,2,45,90,14,2839,7.3562,3,6
1,5,30,150,14,2842,7.89052,1,5
2,4,45,45,14,2834,7.06832,3,3
2,4,45,90,12,2833,7.32119,1,4
3,6,60,60,14,2839,7.27029,7,5
2,6,120,360,12,2830,5.59733,7,5
2,6,15,20,5,2829,6.83079,4,2
2,6,5,5,10,2829,5.20399,4,2
2,5,60,60,10,2828,6.54205,3,4
2,6,20,40,8,2823,8.30478,4,4
1,5,60,60,10,2830,7.48659,2,8
2,5,90,90,12,2818,7.26342,4,6
4,30,30,30,16,2817,6.52567,3,2
2,4,120,120,14,2822,8.15782,1,4
2,6,10,10,10,2821,6.96493,1,1
2,2,20,30,10,2814,6.78222,2,4
2,4,60,90,13,2813,7.66057,4,2
2,5,15,20,8,2813,7.17967,5,5
1,4,45,180,14,2823,8.64428,7,17
2,5,45,45,12,2814,7.24021,2,4
1,5,90,120,14,2811,8.15951,3,8
2,4,30,30,8,2810,6.99369,5,5
2,4,15,40,8,2809,7.34615,2,4
3,5,45,45,14,2807,6.37856,2,5
2,5,60,60,10,2804,6.7712,2,4
1,4,30,45,10,2803,7.03217,3,5
1,5,15,40,10,2803,7.17678,4,5
2,6,20,60,10,2797,6.4532,3,5
2,6,10,40,8,2797,6.19068,2,3
2,5,90,90,12,2797,7.22175,2,8
2,5,30,90,13,2796,6.69769,3,2
2,2,20,20,9,2794,6.49154,2,1
2,2,120,240,14,2796,8.24888,3,6
2,4,20,30,10,2793,6.28109,4,3
2,5,30,30,8,2794,6.97661,1,6
1,4,30,60,10,2791,6.92858,2,6
2,4,90,90,12,2793,7.24881,3,8
2,4,60,60,12,2787,6.09811,5,6
2,5,60,60,9,2786,6.62969,2,5
2,5,30,30,10,2787,6.63538,3,3
3,10,15,15,8,2789,7.19969,5,3
1,4,60,60,14,2792,8.51326,3,9
2,5,60,60,10,2782,7.1719,1,3
1,12,60,60,14,2782,7.49448,3,7
1,6,180,180,12,2778,7.14148,5,9
1,4,45,0,14,2789,7.32475,3,11
2,6,20,20,8,2776,6.58743,4,3
2,6,90,90,13,2773,7.34079,5,4
2,5,60,60,12,2771,6.64275,5,4
1,6,60,60,13,2771,7.67378,4,6
1,5,45,45,17,2769,7.41973,3,6
2,6,90,90,12,2764,7.27887,2,4
1,4,180,360,16,2764,7.013,5,3
2,5,20,20,5,2763,6.77003,4,2
2,2,20,20,9,2763,7.73122,3,2
2,4,120,120,12,2761,6.12815,5,4
2,4,45,45,10,2758,6.90178,2,3
3,5,60,60,12,2756,7.1583,3,5
2,4,15,15,5,2757,6.63489,3,2
2,5,90,90,10,2755,7.5503,4,1
1,6,30,30,8,2754,7.31137,1,9
1,6,60,120,14,2749,8.39903,2,3
1,8,90,90,13,2749,7.77585,8,4
1,5,45,45,14,2747,7.53771,2,5
2,4,30,60,13,2748,7.00017,5,11
2,4,45,60,10,2744,6.36438,3,3
2,5,20,30,10,2744,7.03716,4,4
2,4,90,90,14,2749,7.81548,3,8
4,4,15,15,13,2740,7.24005,4,4
2,5,60,60,13,2742,6.88813,6,10
1,4,60,240,12,2744,7.67672,4,4
2,4,60,90,14,2742,8.11188,3,6
2,4,60,60,12,2737,7.158,3,5
2,4,40,80,12,2742,6.76885,3,3
3,6,30,30,8,2736,7.72115,5,3
2,2,60,180,12,2735,7.97199,5,5
2,2,30,45,13,2732,6.63371,3,5
2,4,90,90,10,2732,7.42413,1,5
3,6,90,90,14,2731,7.11351,2,4
2,4,15,20,8,2734,6.53552,4,6
1,4,45,90,12,2729,7.02803,2,6
2,4,30,30,12,2730,6.74827,2,5
1,5,45,45,12,2727,7.32198,2,5
2,7,45,45,8,2727,6.82794,1,2
2,6,20,20,10,2731,7.2328,3,5
2,6,0,0,13,2731,8.66918,3,3
1,5,120,180,14,2722,8.55174,10,10
1,4,60,150,14,2727,7.60875,5,7
2,99,60,60,5,2722,3.00489,4,3
2,4,30,60,12,2724,7.87449,4,13
2,6,30,45,8,2720,6.25447,3,2
1,4,90,90,13,2715,7.27991,4,9
1,4,30,60,10,2717,7.04755,2,6
1,1,20,30,13,2717,6.17154,4,4
1,8,120,240,12,2713,7.50072,6,5
2,5,45,90,10,2708,6.89673,5,4
1,6,30,90,12,2707,6.57534,3,3
2,4,120,120,16,2705,6.3295,5,6
2,4,10,10,10,2707,6.59074,4,3
1,5,60,180,14,2708,8.7168,6,6
1,4,60,90,14,2707,7.77403,1,3
1,6,60,90,10,2704,7.76704,5,2
1,4,60,120,14,2702,7.41683,3,11
1,4,60,120,14,2702,7.73878,1,8
1,4,30,45,8,2700,6.5665,2,6
2,2,120,120,13,2699,7.83968,2,3
3,4,60,60,10,2696,6.88587,5,4
2,6,60,120,12,2693,6.17705,4,1
2,99,10,20,10,2691,6.62303,5,2
1,1,15,15,8,2696,7.23244,3,4
2,4,90,90,12,2689,6.66149,7,6
2,5,60,80,12,2693,8.03236,3,3
2,4,30,60,12,2684,7.17947,1,3
2,2,20,20,8,2681,7.61564,3,2
2,4,45,45,10,2683,6.98904,1,8
2,5,120,120,10,2680,6.27331,3,5
2,6,120,120,10,2682,6.71734,6,6
1,4,60,90,14,2681,7.2397,1,5
2,4,30,30,9,2678,7.50373,3,4
1,6,60,60,14,2680,7.78267,4,6
2,2,20,30,10,2681,7.27756,3,4
2,6,60,60,16,2676,6.50958,3,4
3,5,30,30,10,2675,6.52511,2,5
2,2,20,30,12,2679,6.71176,3,3
2,5,30,30,8,2676,6.34121,3,4
1,8,20,20,10,2675,5.79168,2,1
2,10,20,20,12,2672,6.62298,2,2
2,6,40,40,10,2671,6.79027,2,4
2,4,120,180,14,2670,7.75366,3,6
3,5,30,30,10,2669,6.86986,1,3
2,4,35,35,8,2667,6.39942,1,2
3,4,60,60,14,2667,6.66581,4,3
2,4,30,60,8,2673,6.18369,6,7
3,8,60,60,8,2665,6.40737,2,2
2,5,60,90,13,2663,7.99309,5,5
2,5,45,60,8,2666,7.46337,1,2
1,4,30,30,8,2663,6.87651,1,2
2,4,30,60,12,2658,7.19494,3,4
2,2,60,90,12,2654,6.54736,2,6
2,2,15,15,8,2649,6.45542,2,2
2,2,30,30,8,2649,6.66702,2,6
2,6,30,60,10,2645,7.42042,4,7
1,4,45,90,12,2646,7.2525,1,1
2,7,45,75,12,2642,7.26073,4,5
2,5,90,180,13,2642,7.46506,5,9
1,6,60,60,14,2645,7.97018,4,8
3,7,40,40,10,2640,7.97829,5,7
2,4,75,75,10,2642,7.2266,2,4
2,4,90,90,12,2636,7.04538,2,6
3,6,20,30,10,2637,5.47903,3,2
2,4,20,20,13,2634,5.62832,2,2
2,4,60,90,14,2630,7.61391,4,9
2,10,30,30,7,2637,6.30741,2,2
2,4,90,90,12,2625,6.89501,2,3
2,4,45,45,10,2625,6.49293,2,4
2,4,45,45,10,2626,6.61155,3,4
2,4,45,45,10,2622,6.77972,2,5
2,2,90,90,0,2620,7.59892,3,7
3,5,90,90,13,2623,8.04179,4,4
2,3,20,20,8,2626,7.39728,3,3
1,4,45,90,10,2614,7.11692,1,1
2,5,30,60,8,2627,7.19938,3,4
2,4,45,60,8,2611,7.11169,1,4
3,5,60,90,12,2608,6.55402,2,5
1,4,60,120,12,2609,5.79106,2,3
2,2,20,20,10,2603,6.95148,1,3
2,2,30,30,9,2603,7.12181,4,7
2,5,30,45,12,2603,7.51788,1,3
1,4,20,30,8,2600,6.4763,4,2
2,4,30,30,10,2599,6.84617,2,8
3,5,60,120,14,2596,6.45682,2,9
4,12,25,35,12,2597,7.10761,5,5
2,2,60,150,12,2593,7.78761,2,5
1,4,75,150,12,2597,8.00077,2,16
3,8,240,480,14,2594,9.18728,8,14
2,5,20,20,8,2588,6.50478,1,4
1,4,90,90,12,2583,6.94282,3,3
2,4,30,30,12,2582,6.60255,1,2
2,5,35,35,7,2583,6.69297,2,2
2,4,45,45,10,2581,6.91317,1,2
2,2,30,30,10,2581,7.34621,3,3
2,5,20,20,7,2576,6.47896,3,3
2,4,120,240,12,2575,7.79101,2,6
1,2,30,45,12,2575,7.39867,2,3
1,4,30,90,14,2577,8.48366,5,9
2,4,20,40,12,2573,7.00416,3,3
2,6,90,90,10,2567,6.96143,2,3
2,2,15,45,14,2570,7.19529,3,2
4,4,60,60,10,2565,6.79143,1,3
1,4,45,180,14,2566,7.48766,5,9
2,2,30,60,11,2567,7.16511,3,5
2,4,210,210,12,2565,6.50752,2,4
1,5,90,90,12,2559,7.48794,4,5
2,4,30,30,8,2555,6.80051,3,4
2,5,35,35,7,2559,8.04814,3,3
2,6,10,15,5,2554,6.61543,4,4
2,4,30,45,8,2553,6.38613,4,4
1,4,120,120,12,2552,7.49848,5,4
2,2,60,60,10,2553,6.51461,5,3
2,10,30,45,8,2548,7.32591,4,3
4,18,25,25,8,2545,6.89737,2,1
2,2,30,30,12,2548,7.57364,1,6
1,4,60,60,15,2546,8.58953,5,11
2,4,45,45,8,2539,6.49158,2,2
4,16,30,30,12,2538,6.34689,2,1
2,4,60,90,10,2536,7.07955,4,4
2,6,30,50,12,2536,6.98243,4,6
2,4,180,180,12,2533,6.72352,3,3
2,5,45,45,10,2533,6.97426,1,2
3,5,90,90,10,2533,6.95607,1,4
3,6,60,60,10,2534,6.71163,3,5
2,4,30,30,6,2532,6.8608,5,5
2,4,60,90,12,2532,7.31762,2,4
2,6,60,90,13,2531,7.07328,2,10
2,5,60,60,7,2529,6.90028,2,1
1,4,60,120,13,2526,7.72569,3,10
1,6,60,80,12,2525,8.06297,3,5
1,10,60,60,14,2525,8.01855,4,6
2,4,30,30,14,2519,8.3715,3,6
1,6,45,90,13,2518,7.99451,3,2
2,6,120,120,12,2513,7.62755,4,1
2,6,60,60,8,2512,5.8624,1,5
2,8,15,15,8,2510,6.49375,3,1
2,10,30,30,16,2522,7.65615,5,1
1,4,45,45,9,2508,7.19015,2,6
3,4,120,120,12,2508,6.773,4,4
3,6,30,30,8,2509,7.62968,5,3
1,50,15,30,8,2508,6.81972,3,4
2,5,30,30,10,2502,6.52464,2,6
1,2,5,20,13,2501,6.71585,5,5
1,4,60,60,14,2502,6.95412,1,5
2,4,60,60,10,2500,6.54121,1,3
2,4,45,45,10,2497,6.64572,2,5
1,4,20,80,14,2500,6.91459,2,4
2,6,60,60,10,2498,6.55729,2,1
1,5,45,60,10,2498,7.07731,2,4
2,4,30,30,10,2494,6.72967,4,2
2,4,30,40,14,2497,7.60625,3,9
2,4,45,45,9,2494,6.09131,3,3
2,5,45,45,8,2492,7.46684,2,5
2,4,120,120,12,2490,6.3671,3,6
1,8,180,0,14,2492,8.37357,7,6
2,5,180,180,14,2487,8.02191,5,7
1,4,60,120,14,2489,7.40983,2,3
2,6,60,120,16,2484,6.02051,6,3
1,10,20,30,12,2487,7.01116,2,2
1,4,100,180,14,2480,8.47471,7,4
1,4,30,120,12,2475,7.49292,6,5
2,2,60,60,12,2470,7.28547,2,7
2,2,45,45,10,2468,7.44011,3,1
1,4,30,60,14,2469,6.70933,2,10
2,4,30,30,10,2467,7.29463,4,9
4,8,15,35,10,2465,6.43583,5,6
1,5,90,120,14,2468,7.60369,2,8
2,4,90,120,12,2463,7.2965,1,3
3,4,40,40,8,2462,6.62026,2,3
1,4,90,180,12,2461,8.03329,6,6
1,4,60,180,14,2458,8.76257,1,10
2,4,20,40,8,2460,7.49569,4,2
2,5,60,60,10,2455,6.8577,1,3
2,4,45,0,12,2453,7.21718,10,4
1,5,110,140,12,2456,7.48341,4,10
2,5,120,120,13,2451,7.25046,6,7
1,4,60,100,10,2453,7.22017,2,7
4,15,45,45,14,2447,6.07964,4,2
3,5,45,45,10,2446,6.64766,2,4
2,2,60,60,9,2447,6.34293,4,8
2,4,20,40,9,2450,8.27929,6,7
3,8,180,240,14,2443,8.61777,7,8
2,4,60,120,12,2442,7.98048,4,6
2,5,30,30,10,2441,7.03513,3,2
2,2,30,30,10,2440,7.05439,1,7
1,10,60,120,13,2439,7.34942,4,3
1,4,30,45,10,2438,6.78109,2,3
2,4,15,30,6,2437,6.86302,2,3
2,2,60,60,9,2434,6.74883,4,5
2,5,20,20,8,2431,6.63614,1,4
1,4,60,120,12,2435,8.48359,3,5
3,5,120,120,8,2426,7.02753,2,4
1,4,60,120,14,2427,7.74353,6,9
3,5,90,90,12,2426,6.65387,4,3
3,6,90,90,10,2423,5.8661,3,3
1,4,20,50,8,2425,7.02779,2,4
1,6,120,120,12,2421,6.8725,1,4
1,5,45,90,10,2416,7.35071,1,6
1,8,120,240,14,2417,8.33258,6,6
2,5,90,90,10,2414,7.33637,4,5
2,4,30,45,8,2414,6.60023,1,3
2,4,30,45,10,2415,6.89131,2,4
3,5,45,45,10,2413,6.78713,3,2
2,2,20,40,14,2419,8.12709,5,8
2,4,60,90,8,2412,6.77974,2,2
2,4,60,60,8,2409,7.64292,5,2
2,4,60,90,12,2410,7.26179,2,7
3,5,45,45,10,2408,7.14514,1,6
2,4,30,30,9,2408,7.55677,3,4
1,6,60,60,10,2405,7.7132,4,3
1,4,120,120,12,2552,7.49848,5,4
2,2,60,60,10,2553,6.51461,5,3
2,10,30,45,8,2548,7.32591,4,3
4,18,25,25,8,2545,6.89737,2,1
2,2,30,30,12,2548,7.57364,1,6
1,4,60,60,15,2546,8.58953,5,11
2,4,45,45,8,2539,6.49158,2,2
4,16,30,30,12,2538,6.34689,2,1
2,4,60,90,10,2536,7.07955,4,4
2,6,30,50,12,2536,6.98243,4,6
2,4,180,180,12,2533,6.72352,3,3
2,5,45,45,10,2533,6.97426,1,2
3,5,90,90,10,2533,6.95607,1,4
3,6,60,60,10,2534,6.71163,3,5
2,4,30,30,6,2532,6.8608,5,5
2,4,60,90,12,2532,7.31762,2,4
2,6,60,90,13,2531,7.07328,2,10
2,5,60,60,7,2529,6.90028,2,1
1,4,60,120,13,2526,7.72569,3,10
1,6,60,80,12,2525,8.06297,3,5
1,10,60,60,14,2525,8.01855,4,6
2,4,30,30,14,2519,8.3715,3,6
1,6,45,90,13,2518,7.99451,3,2
2,6,120,120,12,2513,7.62755,4,1
2,6,60,60,8,2512,5.8624,1,5
2,8,15,15,8,2510,6.49375,3,1
2,10,30,30,16,2522,7.65615,5,1
1,4,45,45,9,2508,7.19015,2,6
3,4,120,120,12,2508,6.773,4,4
3,6,30,30,8,2509,7.62968,5,3
1,50,15,30,8,2508,6.81972,3,4
2,5,30,30,10,2502,6.52464,2,6
1,2,5,20,13,2501,6.71585,5,5
1,4,60,60,14,2502,6.95412,1,5
2,4,60,60,10,2500,6.54121,1,3
2,4,45,45,10,2497,6.64572,2,5
1,4,20,80,14,2500,6.91459,2,4
2,6,60,60,10,2498,6.55729,2,1
1,5,45,60,10,2498,7.07731,2,4
2,4,30,30,10,2494,6.72967,4,2
2,4,30,40,14,2497,7.60625,3,9
2,4,45,45,9,2494,6.09131,3,3
2,5,45,45,8,2492,7.46684,2,5
2,4,120,120,12,2490,6.3671,3,6
1,8,180,0,14,2492,8.37357,7,6
2,5,180,180,14,2487,8.02191,5,7
1,4,60,120,14,2489,7.40983,2,3
2,6,60,120,16,2484,6.02051,6,3
1,10,20,30,12,2487,7.01116,2,2
1,4,100,180,14,2480,8.47471,7,4
1,4,30,120,12,2475,7.49292,6,5
2,2,60,60,12,2470,7.28547,2,7
2,2,45,45,10,2468,7.44011,3,1
1,4,30,60,14,2469,6.70933,2,10
2,4,30,30,10,2467,7.29463,4,9
4,8,15,35,10,2465,6.43583,5,6
1,5,90,120,14,2468,7.60369,2,8
2,4,90,120,12,2463,7.2965,1,3
3,4,40,40,8,2462,6.62026,2,3
1,4,90,180,12,2461,8.03329,6,6
1,4,60,180,14,2458,8.76257,1,10
2,4,20,40,8,2460,7.49569,4,2
2,5,60,60,10,2455,6.8577,1,3
2,4,45,0,12,2453,7.21718,10,4
1,5,110,140,12,2456,7.48341,4,10
2,5,120,120,13,2451,7.25046,6,7
1,4,60,100,10,2453,7.22017,2,7
4,15,45,45,14,2447,6.07964,4,2
3,5,45,45,10,2446,6.64766,2,4
2,2,60,60,9,2447,6.34293,4,8
2,4,20,40,9,2450,8.27929,6,7
3,8,180,240,14,2443,8.61777,7,8
2,4,60,120,12,2442,7.98048,4,6
2,5,30,30,10,2441,7.03513,3,2
2,2,30,30,10,2440,7.05439,1,7
1,10,60,120,13,2439,7.34942,4,3
1,4,30,45,10,2438,6.78109,2,3
2,4,15,30,6,2437,6.86302,2,3
2,2,60,60,9,2434,6.74883,4,5
2,5,20,20,8,2431,6.63614,1,4
1,4,60,120,12,2435,8.48359,3,5
3,5,120,120,8,2426,7.02753,2,4
1,4,60,120,14,2427,7.74353,6,9
3,5,90,90,12,2426,6.65387,4,3
3,6,90,90,10,2423,5.8661,3,3
1,4,20,50,8,2425,7.02779,2,4
1,6,120,120,12,2421,6.8725,1,4
1,5,45,90,10,2416,7.35071,1,6
1,8,120,240,14,2417,8.33258,6,6
2,5,90,90,10,2414,7.33637,4,5
2,4,30,45,8,2414,6.60023,1,3
2,4,30,45,10,2415,6.89131,2,4
3,5,45,45,10,2413,6.78713,3,2
2,2,20,40,14,2419,8.12709,5,8
2,4,60,90,8,2412,6.77974,2,2
2,4,60,60,8,2409,7.64292,5,2
2,4,60,90,12,2410,7.26179,2,7
3,5,45,45,10,2408,7.14514,1,6
2,4,30,30,9,2408,7.55677,3,4
1,6,60,60,10,2405,7.7132,4,3
2,4,90,90,14,2407,8.2104,2,4
3,5,75,75,10,2403,7.20878,6,6
1,5,15,30,13,2402,6.18245,2,5
2,2,30,60,12,2418,8.04541,5,7
3,4,90,120,10,2399,6.56778,4,3
2,5,90,90,13,2399,7.1467,1,5
2,5,60,60,12,2399,6.38652,4,7
2,2,30,60,12,2396,7.07383,3,4
2,4,30,30,14,2389,7.31114,4,4
2,2,90,120,12,2389,7.51624,5,7
2,4,40,40,8,2387,6.61156,2,5
2,4,30,60,12,2387,6.23641,2,4
1,1,180,240,12,2384,7.51447,2,14
2,4,60,120,13,2385,7.86603,4,7
1,6,45,90,13,2387,7.51867,3,6
2,5,45,45,9,2385,6.44507,2,4
2,4,40,40,14,2382,7.12881,3,6
3,6,60,60,12,2387,7.35923,4,9
2,5,50,70,11,2383,7.23676,4,6
2,3,240,360,12,2379,8.14798,6,7
2,4,60,100,12,2379,7.06404,4,6
2,6,20,40,8,2378,7.65852,4,4
2,5,40,80,10,2374,6.59471,1,5
1,4,30,60,14,2375,7.26594,5,6
2,4,10,10,5,2375,6.32193,5,1
1,4,50,100,12,2381,7.45443,2,3
2,5,45,45,8,2371,7.34037,3,5
3,6,30,30,6,2373,7.89352,5,2
2,2,20,20,10,2375,7.16927,2,4
2,6,30,45,15,2370,6.5476,3,3
1,4,30,30,10,2371,6.29225,3,2
2,4,90,0,12,2369,7.3904,5,6
2,5,30,30,10,2366,6.63228,2,7
1,4,20,60,9,2379,8.11934,5,10
2,12,30,30,10,2356,6.60224,3,5
2,6,30,120,17,2355,6.51419,3,7
2,8,15,15,0,2353,6.32733,1,3
2,10,45,45,8,2357,7.31605,2,3
3,12,20,20,5,2350,3.64751,1,1
2,4,30,30,12,2349,7.11032,5,4
2,4,90,150,14,2351,7.93338,3,8
1,4,15,20,8,2353,7.33168,5,5
2,2,30,50,8,2346,6.64547,1,2
1,4,20,30,10,2346,7.29041,2,3
2,6,45,45,10,2345,6.21831,3,5
2,4,30,40,7,2344,6.81351,1,2
2,4,20,20,10,2342,6.47289,3,2
2,5,20,30,8,2344,6.62315,1,2
3,5,45,45,12,2342,6.47309,3,4
2,4,15,15,5,2345,7.06772,3,4
2,4,10,20,8,2340,6.88796,5,3
1,4,40,100,12,2345,7.17443,2,7
3,6,180,180,12,2340,7.30364,3,4
2,8,30,30,6,2339,6.97593,2,2
1,4,45,60,12,2340,7.05471,1,2
1,4,30,60,10,2337,6.96513,2,3
2,4,75,120,12,2338,7.17066,2,5
2,4,20,20,13,2336,6.75673,5,4
2,4,60,60,14,2335,7.76831,4,6
2,5,60,90,12,2334,6.73879,2,4
2,2,150,150,12,2338,7.76979,3,6
2,4,45,45,8,2334,6.78291,1,4
2,6,20,25,8,2333,6.83171,1,1
2,4,240,240,8,2328,6.64833,3,4
2,2,30,60,8,2331,7.56209,3,4
1,5,30,45,14,2327,7.7288,4,5
2,5,45,75,10,2328,7.53384,2,3
2,2,20,20,8,2327,6.71466,2,3
2,6,60,90,10,2329,8.84623,4,1
1,8,60,90,14,2324,7.67456,3,4
2,4,120,120,12,2322,6.85411,3,5
1,4,45,90,10,2321,6.77846,1,3
2,5,30,30,15,2320,6.10035,4,5
2,5,45,90,10,2319,6.79122,1,3
3,6,120,240,13,2317,7.42569,5,5
2,4,90,90,12,2315,5.98058,3,3
1,1,60,60,12,2323,8.18878,2,5
3,5,105,105,12,2315,6.97201,2,2
2,6,360,360,12,2313,7.57651,3,4
2,4,45,45,12,2312,7.06899,2,6
3,8,60,60,10,2311,6.71221,3,3
1,5,30,30,10,2310,7.62237,3,4
1,1,20,40,10,2316,7.5331,4,9
2,6,60,90,12,2309,7.59901,5,6
2,6,45,45,10,2308,6.79988,2,1
3,6,20,30,8,2302,6.48904,3,5
2,5,30,30,10,2301,6.62435,2,2
1,6,60,90,12,2300,8.24431,2,1
1,4,60,120,10,2296,7.32192,1,8
2,6,20,0,12,2296,7.71497,4,5
3,6,30,30,8,2295,6.40996,3,1
2,5,45,45,8,2294,6.46461,2,2
1,4,45,90,10,2296,7.34446,6,6
3,10,45,45,12,2295,6.96674,2,1
1,4,90,120,8,2291,8.14948,5,5
2,6,30,45,8,2291,6.83894,3,2
3,6,20,40,8,2292,7.58415,4,2
3,6,60,60,13,2288,8.14137,6,3
2,6,20,20,12,2294,7.39426,2,3
2,2,60,60,12,2285,7.89093,3,5
2,8,15,15,7,2159,6.56113,3,1
2,6,60,90,14,2158,7.42453,4,8
2,5,15,15,7,2160,7.15512,5,5
2,2,30,60,14,2154,7.43901,2,9
1,6,10,15,8,2155,6.66418,1,3
2,4,45,120,14,2156,7.52046,4,10
3,4,60,90,12,2155,6.71829,1,3
2,4,60,90,10,2155,7.96387,2,4
1,16,60,240,12,2153,7.29683,4,11
2,4,20,30,10,2152,6.60533,2,2
1,6,60,60,10,2152,6.983,4,2
1,5,90,120,14,2151,7.66502,5,12
1,2,30,30,8,2153,6.01574,4,2
1,4,45,45,10,2149,7.38003,4,5
2,5,45,45,14,2153,7.09635,2,6
2,2,30,45,8,2149,6.87411,3,4
1,5,120,180,14,2147,8.3791,9,8
6,12,45,60,14,2148,6.24719,4,5
2,4,90,120,14,2148,7.23573,4,7
1,5,20,20,8,2146,6.50904,2,1
2,5,120,240,12,2145,7.71089,7,5
2,5,30,45,8,2143,6.88677,4,4
3,10,20,20,8,2141,6.91675,4,2
1,6,60,100,13,2141,7.66227,3,7
2,8,30,45,14,2143,6.90206,4,3
1,4,60,90,10,2140,8.30756,4,9
2,2,30,30,14,2138,7.25411,2,4
2,4,45,60,10,2137,6.25998,3,5
2,6,90,90,13,2137,7.33931,5,4
2,4,15,15,8,2136,6.12446,1,1
2,2,0,0,14,2133,8.10778,6,6
3,6,15,15,9,2135,6.32376,3,1
2,4,30,45,8,2138,7.89843,2,5
3,6,40,40,8,2131,6.9489,2,3
1,6,45,90,11,2131,7.45772,4,14
2,4,120,120,12,2133,7.78466,4,9
2,2,10,10,8,2132,6.30642,1,3
3,8,15,20,8,2131,7.53457,7,4
3,6,90,90,10,2129,6.57238,5,5
2,3,10,10,7,2127,5.94197,4,1
2,2,45,60,12,2127,6.17553,5,8
1,5,20,30,8,2128,7.32784,3,6
2,5,120,180,14,2127,7.39426,6,9
2,5,60,60,10,2123,6.72606,2,1
1,4,30,60,10,2123,6.91105,3,2
1,2,30,30,10,2121,6.88939,2,3
2,2,60,300,12,2119,7.07381,8,6
2,4,60,60,10,2118,7.21888,3,4
2,6,45,45,13,2118,6.79733,4,6
1,3,30,90,10,2120,7.30817,3,6
2,4,45,75,14,2119,7.23661,2,3
2,4,180,180,12,2113,6.77467,2,5
1,3,90,120,14,2117,8.21038,7,13
2,4,45,60,10,2109,6.81398,2,6
1,4,40,80,13,2112,8.52936,4,7
2,10,10,30,8,2108,6.03474,4,3
2,4,30,60,14,2109,7.67381,5,5
1,6,60,60,12,2109,6.1635,3,2
2,4,20,40,13,2108,6.84096,1,3
2,8,40,40,8,2106,7.88251,3,4
1,4,30,120,12,2108,7.57551,5,6
2,4,90,90,13,2104,7.97665,3,2
1,4,45,90,10,2103,7.53902,4,3
4,8,30,30,8,2108,7.0364,1,1
1,4,45,90,14,2103,8.41187,4,7
2,5,30,30,8,2101,5.53449,1,2
3,5,20,60,8,2100,6.65479,6,5
2,2,40,40,8,2103,7.23481,2,4
2,2,30,30,10,2103,7.1476,1,9
3,6,30,30,12,2100,6.24668,2,3
1,6,60,60,10,2100,5.97788,4,2
2,4,45,60,10,2095,7.30311,2,3
2,4,90,120,12,2094,6.16694,4,4
2,8,30,30,8,2091,6.24555,1,5
2,4,45,60,9,2093,6.91012,2,3
2,6,20,0,12,2093,7.70947,4,5
2,5,180,180,12,2091,7.02281,2,3
2,4,25,60,13,2090,6.52704,3,7
1,4,30,45,14,2091,7.12221,3,3
1,6,20,20,8,2086,6.60003,2,3
1,5,30,30,14,2085,6.92795,1,6
1,4,20,40,10,2081,6.57053,1,5
3,7,120,180,14,2082,8.27778,8,6
1,2,20,60,12,2078,7.13068,3,8
2,5,120,150,12,2082,7.72975,4,4
2,6,30,30,8,2077,6.47475,1,3
2,4,90,90,12,2073,6.97127,1,4
3,20,30,30,13,2072,6.64896,5,5
2,5,45,45,12,2070,6.43242,2,9
1,4,60,60,14,2069,6.97218,2,4
1,5,45,120,14,2066,7.48978,3,3
2,5,120,120,14,2064,7.89387,7,9
4,20,20,30,10,2069,6.67763,2,2
2,6,240,720,14,2063,6.95516,4,7
1,5,45,45,12,2062,7.50844,3,5
2,6,180,240,14,2066,7.99017,3,8
1,4,90,90,10,2060,6.49017,3,6
1,8,15,15,14,2060,6.72414,1,7
1,6,5,30,8,2058,7.03472,2,3
2,4,75,75,10,2057,7.16133,6,3
2,5,90,90,14,2061,7.13864,1,5
2,4,70,120,12,2058,6.47254,3,3
3,6,30,30,6,2059,7.89791,3,2
2,8,20,20,10,2053,6.58351,4,8
1,4,90,90,12,2053,7.28363,1,8
2,6,90,180,12,2053,7.98655,3,5
2,4,30,45,10,2052,7.27639,3,1
2,5,35,35,12,2049,6.75477,3,1
2,4,90,90,14,2049,7.83184,5,6
1,4,15,30,10,2047,6.98549,3,4
3,6,5,5,10,2044,6.59118,5,4
3,5,75,90,13,2046,7.65612,4,6
1,4,30,30,8,2043,6.85357,2,1
2,5,75,100,12,2044,7.55845,2,4
1,5,60,90,12,2043,6.42354,2,9
1,9,60,150,12,2047,7.7529,2,7
1,4,60,90,12,2047,8.07192,2,9
2,4,60,60,14,2039,6.74912,3,6
2,5,20,20,8,2072,7.02269,1,4
2,20,10,10,8,2038,7.54244,4,4
2,2,90,90,10,2037,7.10161,3,1
2,6,60,60,8,2039,5.88685,2,2
1,6,25,150,14,2038,6.96373,4,6
2,2,45,60,14,2035,7.47959,9,4
1,8,120,240,14,2038,8.47171,6,6
2,4,20,40,9,2041,8.23854,4,7
1,4,120,180,14,2041,8.58121,6,5
2,4,45,90,14,2034,7.0675,3,7
2,5,45,45,12,2036,6.8564,2,3
5,75,30,30,14,2035,7.01794,7,6
2,4,20,30,10,2032,6.56453,2,2
3,5,40,40,10,2034,6.54995,3,1
2,2,240,240,12,2030,7.0682,4,3
2,6,40,40,8,2032,7.33075,3,2
2,4,60,90,12,2030,7.41294,1,3
1,4,25,100,14,2033,6.83107,3,7
1,4,30,60,12,2028,7.04942,1,1
2,10,30,30,8,2032,4.76533,3,2
2,2,30,30,10,2027,7.09299,1,4
2,4,20,20,8,2028,6.61516,3,7
2,4,15,15,7,2027,6.35235,2,3
2,5,90,90,12,2028,7.94789,4,3
2,6,60,90,8,2028,7.61077,3,6
2,5,60,60,10,2025,6.57939,5,6
1,2,360,360,12,2026,8.26823,3,7
1,4,10,20,8,2029,6.69325,2,9
2,4,45,45,10,2024,6.52121,1,2
2,10,45,45,8,2024,6.18455,1,2
1,50,35,35,10,2023,6.74154,1,6
1,5,30,60,14,2023,8.09767,3,4
1,5,60,60,14,2021,7.36141,5,8
1,6,40,60,12,2023,6.84338,4,6
2,5,120,120,10,2018,8.0632,3,5
1,6,60,120,16,2020,7.83646,5,6
2,5,10,30,6,2018,6.28105,3,2
1,5,90,90,12,2015,7.35075,8,5
2,4,15,30,12,2015,6.56955,1,4
2,2,15,15,0,2016,5.98575,2,3
1,4,45,90,14,2016,8.44397,3,6
2,5,20,60,10,2012,6.5339,3,4
2,4,90,90,10,2011,6.49235,2,3
1,5,90,120,12,2009,8.11248,2,7
1,6,60,60,10,2007,6.95479,4,2
1,1,5,10,8,2014,7.64833,4,4
3,6,20,20,8,2006,6.40329,3,3
2,4,30,30,10,2009,7.07238,2,3
2,5,30,30,8,2009,7.09705,1,2
1,4,360,360,12,2006,7.60897,3,7
1,4,60,180,13,2008,7.51725,2,7
2,4,20,20,8,2007,6.35426,3,3
3,4,60,60,12,2005,6.67921,2,5
2,5,60,60,13,2002,6.38037,3,3
1,4,45,60,13,2001,6.57973,3,5
3,5,60,60,10,2000,6.79635,3,4
2,5,120,120,14,2001,7.20371,3,3
3,4,45,45,10,1999,6.99234,1,2
2,4,360,360,12,2001,7.53859,4,5
2,5,30,30,8,2000,6.31598,2,2
2,3,240,240,12,1999,6.66749,2,4
2,8,30,60,8,1999,7.47117,3,4
1,4,90,90,12,1998,7.83715,5,5
2,4,45,60,8,1998,6.35158,2,5
2,99,60,60,18,1997,5.84176,3,2
3,6,20,20,10,1996,6.15681,2,2
1,4,45,45,14,1997,7.24025,4,7
2,5,45,60,13,1995,6.69864,3,4
2,4,60,90,12,1995,7.22297,2,5
2,4,30,45,8,1993,7.11633,2,3
2,10,15,15,7,2001,7.09935,5,5
2,4,30,45,10,1992,7.13863,1,8
2,5,20,20,10,1997,7.24124,3,6
2,2,20,20,14,1991,7.77086,6,6
2,5,180,180,12,1991,6.65612,3,5
1,4,45,60,10,1991,7.53852,3,8
2,5,30,45,8,1989,5.96456,5,6
2,4,30,30,8,1991,6.91701,3,2
2,2,20,20,12,1988,6.88313,2,5
1,4,30,30,8,1986,7.11419,3,7
2,6,30,30,8,1988,6.4678,3,2
1,5,45,90,14,1984,7.09593,3,5
3,6,120,120,12,1687,6.89633,4,5
1,5,30,45,10,1686,6.54355,2,7
2,6,10,10,7,1689,6.72097,1,4
2,4,60,60,10,1685,6.9013,2,11
6,12,30,30,14,1687,6.57484,6,3
1,4,80,180,14,1684,7.71253,4,7
2,5,30,30,8,1686,6.22128,1,3
1,4,45,120,14,1686,7.02019,1,9
2,5,75,75,10,1683,6.856,6,2
4,4,120,120,14,1685,7.87945,2,4
3,6,90,120,13,1683,7.45537,5,5
1,4,90,90,13,1682,6.96625,3,8
2,10,120,120,12,1681,6.77747,3,11
2,2,20,20,7,1682,6.66336,2,3
2,4,10,10,10,1682,6.68379,3,3
2,6,20,20,7,1681,5.69612,4,3
3,5,40,60,13,1680,6.89463,2,3
2,4,30,30,8,1678,6.40547,2,4
2,2,30,30,10,1678,6.72661,3,9
1,4,60,150,14,1683,8.03434,4,13
1,4,60,90,14,1677,7.29549,3,3
1,4,60,120,14,1680,7.06653,3,5
2,5,30,30,8,1677,6.76918,2,5
1,4,120,120,14,1677,7.33847,2,8
2,8,120,120,9,1675,6.35114,4,4
2,4,45,45,8,1674,6.41895,1,2
2,4,60,60,10,1674,7.68181,1,5
2,6,240,240,12,1674,7.0133,3,5
2,4,30,30,13,1676,6.72968,3,4
2,6,40,40,14,1678,7.00263,4,5
2,4,30,30,8,1672,5.17382,2,1
2,4,180,180,13,1672,8.26987,6,6
2,6,180,180,12,1670,8.25728,9,5
2,4,45,60,14,1669,6.9278,3,5
2,5,360,360,12,1666,7.31852,4,6
1,2,30,30,13,1666,7.32576,2,5
3,6,30,30,10,1668,7.09714,3,1
2,5,90,90,12,1666,8.35034,3,5
2,4,25,80,10,1665,6.54593,5,8
1,1,30,40,14,1671,7.55035,2,3
2,5,75,75,13,1664,7.13624,1,3
1,4,60,120,14,1665,8.34749,5,4
1,4,10,10,2,1661,6.70349,3,2
2,5,15,30,14,1665,7.17541,1,2
3,6,180,240,10,1660,6.62213,3,1
2,4,15,15,10,1662,7.08658,4,2
1,6,60,60,10,1662,7.70485,5,4
2,4,45,45,10,1662,7.14787,2,3
2,6,45,90,13,1662,7.28661,5,14
2,5,45,45,10,1658,6.46373,1,2
2,2,20,40,12,1659,6.0187,3,2
2,4,60,120,14,1658,7.41824,4,8
2,4,40,80,10,1659,6.95938,2,6
1,5,30,75,12,1658,7.41484,2,6
3,4,30,30,10,1656,6.50994,4,6
2,6,20,20,8,1659,5.93379,3,2
2,4,60,60,10,1656,6.86787,2,2
2,7,60,60,10,1660,7.02461,5,3
3,5,60,60,10,1654,6.70288,3,5
2,5,120,180,14,1651,8.11515,7,9
1,6,10,10,8,1652,7.54813,4,7
3,5,60,60,12,1651,8.4193,5,3
3,7,25,25,8,1653,7.10389,2,2
3,7,30,45,10,1649,6.52104,3,10
2,4,20,40,10,1651,6.94973,3,2
2,9,20,40,13,1650,6.59797,5,4
2,6,90,90,10,1648,6.94468,3,3
2,5,45,45,8,1650,7.10502,3,6
2,7,30,30,10,1647,6.80083,2,4
2,2,60,60,12,1648,6.90753,5,3
3,7,15,20,7,1653,6.82088,2,6
3,12,15,15,10,1650,7.08532,1,2
1,5,40,70,0,1646,7.91189,5,5
2,2,20,30,8,1644,6.5301,2,3
1,4,90,90,12,1645,6.94918,6,9
2,5,120,120,10,1644,7.34572,4,3
2,12,20,45,8,1645,6.10868,4,4
2,4,120,120,14,1648,8.89242,4,3
2,3,60,90,10,1644,6.77207,4,4
2,4,60,60,8,1644,7.09219,3,1
3,3,135,165,14,1645,7.85504,5,9
1,4,60,120,12,1643,7.58997,4,11
3,6,90,90,10,1642,6.41933,3,3
2,5,30,30,8,1641,6.50423,2,6
1,4,45,60,14,1647,7.54381,3,10
2,5,90,180,13,1639,7.11674,5,6
2,4,40,40,10,1641,7.5973,4,5
2,5,90,90,14,1639,6.6753,5,7
1,1,45,75,0,1642,7.52803,5,3
2,2,15,45,14,1638,7.30479,4,2
2,5,35,35,8,1636,7.13861,2,3
1,4,40,70,16,1641,7.81696,4,3
1,6,30,45,10,1637,7.40926,3,7
1,100,20,30,0,1640,7.45029,2,4
1,4,45,90,10,1634,6.86391,1,1
1,5,60,90,10,1633,7.47435,3,5
1,4,20,20,8,1631,7.15979,2,8
1,2,60,60,14,1631,7.94007,4,3
1,4,60,180,12,1630,7.15561,5,6
2,4,45,45,8,1632,7.3201,2,3
2,2,30,30,15,1031,7.01397,2,3
2,5,20,40,8,1029,6.96026,3,1
2,6,20,30,8,1031,6.59998,3,4
2,2,90,120,14,1030,6.89248,2,4
2,6,120,120,9,1028,6.95995,5,4
2,4,30,45,14,1028,6.69023,3,4
2,4,70,70,10,1027,7.14657,3,4
2,5,120,120,12,1027,7.4347,5,4
2,4,20,40,10,1027,6.54197,2,5
3,6,30,30,14,1028,7.2346,3,8
2,4,30,45,10,1029,7.06504,3,6
1,2,60,60,12,1026,6.2473,3,4
4,18,60,60,13,1026,7.46171,3,4
2,4,30,30,14,1027,7.31283,4,4
1,1,0,0,14,1026,8.39249,6,9
2,4,60,90,12,1027,7.10374,2,7
1,4,60,3000,14,1025,8.03306,2,6
1,2,30,30,13,1024,7.37237,2,5
1,5,40,200,12,1024,8.2932,4,2
1,2,15,20,8,1026,6.11634,3,3
3,5,30,60,10,1024,5.89862,2,2
3,4,30,30,10,1023,6.12693,3,1
3,4,45,45,10,1023,6.48938,2,5
2,4,45,90,10,1023,6.56244,1,4
2,2,30,30,14,1023,6.78254,2,4
3,5,25,50,8,1022,6.6517,3,8
2,4,30,30,9,1022,7.91308,5,4
1,8,30,30,10,1022,7.52199,8,7
1,5,30,90,14,1027,6.95356,7,12
2,4,90,120,13,1021,7.77317,3,2
1,4,60,120,14,1025,7.67772,2,8
1,5,45,60,10,1025,7.20528,3,7
2,3,60,210,12,1021,6.69647,4,10
2,4,90,90,12,1023,5.66748,5,6
2,6,60,90,14,1022,8.09833,2,8
3,5,60,60,12,1019,6.57619,2,5
2,4,45,45,14,1020,7.8942,2,4
1,6,60,90,10,1020,7.35081,2,4
2,4,30,30,12,1019,7.91802,3,5
1,2,30,60,13,1018,7.41373,4,6
1,4,30,60,13,1018,7.21204,1,3
3,8,5,30,8,1020,7.10764,2,3
2,2,30,30,13,1016,6.80341,1,2
1,6,45,180,14,1018,8.60914,5,13
1,1,30,45,12,1020,8.07258,3,4
3,6,60,90,12,1016,6.29942,4,4
2,8,45,45,18,1015,6.35928,3,2
1,2,15,30,12,1015,6.29733,3,9
3,4,120,120,13,1014,7.08126,3,5
2,5,45,75,13,1014,7.51783,3,3
1,4,60,120,12,1016,8.72289,4,6
2,4,90,120,14,1015,7.16962,2,3
2,6,120,240,14,1015,8.83172,3,7
3,4,45,45,10,1013,6.68385,1,2
2,7,60,60,8,1014,6.84499,2,3
2,4,15,15,6,1012,6.05561,4,2
1,6,60,60,12,1013,7.24801,5,7
1,4,20,30,14,1012,6.30885,2,3
2,5,15,30,10,1012,7.17234,2,4
2,6,30,30,6,1011,6.349,3,1
2,6,15,20,6,1011,5.7481,3,2
2,4,45,60,14,1011,6.285,2,10
1,4,30,70,13,1014,7.62946,2,4
2,4,15,15,8,1010,6.24918,1,3
2,5,0,0,0,1010,7.69542,4,1
2,2,30,60,12,1010,7.72792,5,10
2,8,90,90,12,1007,6.39567,5,4
2,2,60,60,13,1007,7.14655,4,2
1,2,60,60,12,1006,7.69203,3,11
2,5,120,120,12,1006,6.24856,6,6
3,6,90,90,12,1006,6.36639,3,2
2,2,30,45,10,1006,6.22107,1,2
2,6,30,30,8,1005,5.62314,4,3
2,2,180,180,0,1005,7.61307,2,6
2,2,45,90,8,1006,8.19862,3,1
2,5,60,60,13,1005,8.18361,4,3
2,5,45,75,15,1005,7.24519,2,3
3,6,30,30,14,1005,6.88737,1,3
1,4,20,20,8,1006,6.51291,3,4
1,4,30,60,14,1006,7.22385,2,5
2,4,90,90,13,1005,6.90707,3,6
2,4,60,60,8,1004,7.20317,3,4
3,5,30,30,8,1002,6.18938,2,2
2,5,60,120,10,1002,6.48582,3,6
2,4,40,40,8,1003,6.56545,1,3
2,4,60,90,14,1003,6.58146,3,3
1,4,90,120,14,1004,8.97527,3,6
2,5,45,45,10,1001,5.91893,2,2
3,24,30,30,12,1003,6.65316,2,4
2,4,60,60,12,1001,7.14052,4,3
2,4,10,10,10,1002,6.45849,5,3
1,1,30,45,10,1002,6.67006,4,3
3,6,90,90,10,1000,6.06431,2,3
2,2,60,180,12,1000,7.40267,3,7
1,5,120,120,0,1000,6.70437,3,1
2,6,30,90,10,1001,6.49252,3,5
1,4,45,90,14,1000,8.36548,4,6
1,5,30,30,8,1000,7.1843,3,3
2,4,45,45,12,999,6.1864,3,4
2,6,30,30,10,999,6.11362,3,2
